id,label,subset,standing,playoffs
1,HOU-1975,1,4,1
2,MIL-1975,1,6,0
3,DET-1975,1,5,1
4,CHI-1975,1,2,1
5,NOJ-1975,1,9,0
6,KCO-1975,1,3,1
7,LAL-1975,1,9,0
8,POR-1975,1,7,0
9,BOS-1975,1,1,1
10,PHO-1975,1,8,0
11,NYK-1975,1,5,1
12,GSW-1975,1,1,1
13,PHI-1975,1,7,0
14,CLE-1975,1,6,0
15,SEA-1975,1,4,1
16,ATL-1975,1,8,0
17,BUF-1975,1,3,1
18,WSB-1975,1,2,1
19,SEA-1976,1,2,1
20,LAL-1976,1,4,0
21,PHO-1976,1,3,1
22,BUF-1976,1,5,1
23,POR-1976,1,6,0
24,KCK-1976,1,8,0
25,BOS-1976,1,1,1
26,HOU-1976,1,6,0
27,NYK-1976,1,7,0
28,GSW-1976,1,1,1
29,CLE-1976,1,2,1
30,NOJ-1976,1,8,0
31,CHI-1976,1,9,0
32,WSB-1976,1,3,1
33,PHI-1976,1,4,1
34,MIL-1976,1,5,1
35,ATL-1976,1,9,0
36,DET-1976,1,7,1
37,BUF-1977,1,10,0
38,LAL-1977,1,1,1
39,PHO-1977,1,10,0
40,NYN-1977,1,7,0
41,BOS-1977,1,4,1
42,SEA-1977,1,8,0
43,ATL-1977,1,9,0
44,DET-1977,1,5,1
45,PHI-1977,1,1,1
46,KCK-1977,1,7,0
47,GSW-1977,1,4,1
48,NYK-1977,1,7,0
49,NOJ-1977,1,8,0
50,IND-1977,1,9,0
51,WSB-1977,1,3,1
52,CHI-1977,1,6,1
53,CLE-1977,1,6,1
54,MIL-1977,1,11,0
55,SAS-1977,1,5,1
56,POR-1977,1,3,1
57,DEN-1977,1,2,1
58,HOU-1977,1,2,1
59,BOS-1978,1,8,0
60,HOU-1978,1,9,0
61,LAL-1978,1,5,1
62,PHO-1978,1,2,1
63,KCK-1978,1,10,0
64,CHI-1978,1,8,0
65,NJN-1978,1,11,0
66,BUF-1978,1,10,0
67,NOJ-1978,1,7,0
68,WSB-1978,1,3,1
69,IND-1978,1,11,0
70,DET-1978,1,9,0
71,GSW-1978,1,7,0
72,NYK-1978,1,4,1
73,ATL-1978,1,6,1
74,MIL-1978,1,6,1
75,PHI-1978,1,1,1
76,CLE-1978,1,5,1
77,SAS-1978,1,2,1
78,SEA-1978,1,4,1
79,POR-1978,1,1,1
80,DEN-1978,1,3,1
81,LAL-1979,1,5,1
82,GSW-1979,1,10,0
83,PHO-1979,1,2,1
84,KCK-1979,1,3,1
85,BOS-1979,1,10,0
86,SEA-1979,1,1,1
87,NOJ-1979,1,11,0
88,WSB-1979,1,1,1
89,IND-1979,1,8,0
90,HOU-1979,1,4,1
91,NYK-1979,1,7,0
92,NJN-1979,1,6,1
93,DET-1979,1,9,0
94,MIL-1979,1,9,0
95,PHI-1979,1,3,1
96,DEN-1979,1,4,1
97,CLE-1979,1,8,0
98,POR-1979,1,6,1
99,SAS-1979,1,2,1
100,CHI-1979,1,11,0
101,ATL-1979,1,5,1
102,SDC-1979,1,7,0
103,LAL-1980,1,1,1
104,GSW-1980,1,11,0
105,PHO-1980,1,3,1
106,BOS-1980,1,1,1
107,CHI-1980,1,8,0
108,WSB-1980,1,6,1
109,SEA-1980,1,2,1
110,IND-1980,1,8,0
111,SDC-1980,1,7,0
112,HOU-1980,1,4,1
113,NJN-1980,1,10,0
114,SAS-1980,1,5,1
115,POR-1980,1,6,1
116,MIL-1980,1,4,1
117,DET-1980,1,11,0
118,PHI-1980,1,2,1
119,KCK-1980,1,5,1
120,UTA-1980,1,10,0
121,DEN-1980,1,9,0
122,ATL-1980,1,3,1
123,CLE-1980,1,9,0
124,NYK-1980,1,7,0
125,LAL-1981,1,2,1
126,GSW-1981,1,7,0
127,IND-1981,1,6,1
128,PHO-1981,1,1,1
129,BOS-1981,1,1,1
130,SEA-1981,1,10,0
131,WSB-1981,1,7,0
132,POR-1981,1,4,1
133,UTA-1981,1,11,0
134,DET-1981,1,11,0
135,SDC-1981,1,9,0
136,KCK-1981,1,6,1
137,DAL-1981,1,12,0
138,CLE-1981,1,9,0
139,SAS-1981,1,3,1
140,MIL-1981,1,3,1
141,ATL-1981,1,8,0
142,NYK-1981,1,4,1
143,PHI-1981,1,1,1
144,NJN-1981,1,10,0
145,CHI-1981,1,5,1
146,HOU-1981,1,5,1
147,DEN-1981,1,8,0
148,LAL-1982,1,1,1
149,PHO-1982,1,6,1
150,DAL-1982,1,9,0
151,BOS-1982,1,1,1
152,POR-1982,1,8,0
153,SEA-1982,1,2,1
154,NJN-1982,1,5,1
155,WSB-1982,1,4,1
156,SAS-1982,1,3,1
157,IND-1982,1,8,0
158,PHI-1982,1,2,1
159,CLE-1982,1,11,0
160,DET-1982,1,7,0
161,MIL-1982,1,3,1
162,SDC-1982,1,12,0
163,GSW-1982,1,7,0
164,NYK-1982,1,9,0
165,ATL-1982,1,6,0
166,UTA-1982,1,11,0
167,KCK-1982,1,10,0
168,CHI-1982,1,10,0
169,HOU-1982,1,4,1
170,DEN-1982,1,5,1
171,LAL-1983,1,1,1
172,PHO-1983,1,3,1
173,DAL-1983,1,8,0
174,BOS-1983,1,2,1
175,PHI-1983,1,1,1
176,UTA-1983,1,9,0
177,SDC-1983,1,11,0
178,CLE-1983,1,10,0
179,NJN-1983,1,4,1
180,HOU-1983,1,12,0
181,WSB-1983,1,7,0
182,SAS-1983,1,2,1
183,DET-1983,1,8,0
184,CHI-1983,1,9,0
185,GSW-1983,1,10,0
186,MIL-1983,1,3,1
187,SEA-1983,1,4,1
188,ATL-1983,1,6,1
189,POR-1983,1,5,1
190,IND-1983,1,11,0
191,NYK-1983,1,5,1
192,KCK-1983,1,7,0
193,DEN-1983,1,6,1
194,LAL-1984,1,1,1
195,PHO-1984,1,6,1
196,DAL-1984,1,4,1
197,BOS-1984,1,1,1
198,UTA-1984,1,3,1
199,DEN-1984,1,7,1
200,MIL-1984,1,3,1
201,CLE-1984,1,10,0
202,HOU-1984,1,11,0
203,WSB-1984,1,8,1
204,SAS-1984,1,10,0
205,DET-1984,1,4,1
206,NJN-1984,1,6,1
207,GSW-1984,1,9,0
208,SDC-1984,1,12,0
209,SEA-1984,1,5,1
210,ATL-1984,1,7,1
211,CHI-1984,1,9,0
212,KCK-1984,1,8,1
213,POR-1984,1,2,1
214,IND-1984,1,11,0
215,NYK-1984,1,5,1
216,PHI-1984,1,2,1
217,LAL-1985,1,1,1
218,PHO-1985,1,8,1
219,DAL-1985,1,4,1
220,BOS-1985,1,1,1
221,GSW-1985,1,12,0
222,UTA-1985,1,6,1
223,CLE-1985,1,8,1
224,NYK-1985,1,10,0
225,WSB-1985,1,6,1
226,SAS-1985,1,5,1
227,PHI-1985,1,2,1
228,DET-1985,1,4,1
229,NJN-1985,1,5,1
230,POR-1985,1,7,1
231,MIL-1985,1,3,1
232,SEA-1985,1,10,0
233,LAC-1985,1,11,0
234,ATL-1985,1,9,0
235,IND-1985,1,11,0
236,KCK-1985,1,9,0
237,DEN-1985,1,2,1
238,CHI-1985,1,7,1
239,HOU-1985,1,3,1
240,LAL-1986,1,1,1
241,PHO-1986,1,10,0
242,SAC-1986,1,7,1
243,DAL-1986,1,4,1
244,BOS-1986,1,1,1
245,CLE-1986,1,9,0
246,IND-1986,1,10,0
247,NYK-1986,1,11,0
248,UTA-1986,1,5,1
249,GSW-1986,1,12,0
250,CHI-1986,1,8,1
251,PHI-1986,1,3,1
252,ATL-1986,1,4,1
253,LAC-1986,1,9,0
254,DET-1986,1,5,1
255,NJN-1986,1,6,1
256,WSB-1986,1,7,1
257,POR-1986,1,6,1
258,MIL-1986,1,2,1
259,SEA-1986,1,11,0
260,SAS-1986,1,8,1
261,DEN-1986,1,3,1
262,HOU-1986,1,2,1
263,LAL-1987,1,1,1
264,PHO-1987,1,9,0
265,WSB-1987,1,6,1
266,DAL-1987,1,2,1
267,BOS-1987,1,1,1
268,DEN-1987,1,8,1
269,HOU-1987,1,5,1
270,IND-1987,1,7,1
271,CLE-1987,1,9,0
272,NJN-1987,1,11,0
273,UTA-1987,1,4,1
274,GSW-1987,1,6,1
275,CHI-1987,1,8,1
276,PHI-1987,1,6,1
277,ATL-1987,1,2,1
278,LAC-1987,1,12,0
279,POR-1987,1,3,1
280,SAS-1987,1,11,0
281,MIL-1987,1,4,1
282,DET-1987,1,3,1
283,NYK-1987,1,10,0
284,SEA-1987,1,7,1
285,SAC-1987,1,10,0
286,LAL-1988,1,1,1
287,BOS-1988,1,1,1
288,PHO-1988,1,9,0
289,DEN-1988,1,3,1
290,DAL-1988,1,2,1
291,WSB-1988,1,8,1
292,SAS-1988,1,8,1
293,HOU-1988,1,5,1
294,POR-1988,1,4,1
295,IND-1988,1,9,0
296,PHI-1988,1,10,0
297,NJN-1988,1,11,0
298,UTA-1988,1,6,1
299,ATL-1988,1,3,1
300,DET-1988,1,2,1
301,LAC-1988,1,12,0
302,CLE-1988,1,6,1
303,MIL-1988,1,5,1
304,CHI-1988,1,4,1
305,NYK-1988,1,7,1
306,GSW-1988,1,11,0
307,SEA-1988,1,7,1
308,SAC-1988,1,10,0
309,LAL-1989,1,1,1
310,BOS-1989,1,8,1
311,DEN-1989,1,5,1
312,DAL-1989,1,9,0
313,DET-1989,1,1,1
314,SAC-1989,1,10,0
315,WSB-1989,1,9,0
316,GSW-1989,1,4,1
317,SAS-1989,1,11,0
318,POR-1989,1,8,1
319,PHI-1989,1,7,1
320,NJN-1989,1,10,0
321,UTA-1989,1,3,1
322,SEA-1989,1,7,1
323,LAC-1989,1,12,0
324,ATL-1989,1,5,1
325,HOU-1989,1,6,1
326,CHH-1989,1,12,0
327,MIL-1989,1,4,1
328,CHI-1989,1,6,1
329,PHO-1989,1,2,1
330,MIA-1989,1,13,0
331,CLE-1989,1,2,1
332,IND-1989,1,11,0
333,NYK-1989,1,3,1
334,ORL-1990,1,12,0
335,DEN-1990,1,7,1
336,DET-1990,1,1,1
337,SAC-1990,1,12,0
338,WSB-1990,1,10,0
339,DAL-1990,1,6,1
340,MIL-1990,1,6,1
341,CHH-1990,1,14,0
342,PHI-1990,1,3,1
343,SAS-1990,1,3,1
344,CHI-1990,1,2,1
345,BOS-1990,1,4,1
346,UTA-1990,1,4,1
347,LAC-1990,1,11,0
348,SEA-1990,1,9,0
349,ATL-1990,1,9,0
350,PHO-1990,1,5,1
351,CLE-1990,1,7,1
352,GSW-1990,1,10,0
353,NJN-1990,1,13,0
354,HOU-1990,1,8,1
355,MIN-1990,1,13,0
356,POR-1990,1,2,1
357,NYK-1990,1,5,1
358,LAL-1990,1,1,1
359,MIA-1990,1,11,0
360,IND-1990,1,8,1
361,POR-1991,1,1,1
362,DEN-1991,1,14,0
363,ORL-1991,1,9,0
364,DET-1991,1,3,1
365,WSB-1991,1,10,0
366,DAL-1991,1,12,0
367,MIL-1991,1,4,1
368,NJN-1991,1,11,0
369,PHI-1991,1,5,1
370,SAS-1991,1,3,1
371,CHI-1991,1,1,1
372,GSW-1991,1,7,1
373,MIA-1991,1,13,0
374,UTA-1991,1,5,1
375,LAC-1991,1,10,0
376,SEA-1991,1,8,1
377,ATL-1991,1,6,1
378,PHO-1991,1,4,1
379,CLE-1991,1,9,0
380,BOS-1991,1,2,1
381,CHH-1991,1,12,0
382,SAC-1991,1,13,0
383,MIN-1991,1,11,0
384,LAL-1991,1,2,1
385,HOU-1991,1,6,1
386,NYK-1991,1,8,1
387,IND-1991,1,7,1
388,POR-1992,1,1,1
389,DEN-1992,1,11,0
390,ORL-1992,1,14,0
391,WSB-1992,1,13,0
392,NJN-1992,1,6,1
393,DET-1992,1,5,1
394,GSW-1992,1,3,1
395,PHI-1992,1,10,0
396,SAS-1992,1,5,1
397,CHH-1992,1,11,0
398,NYK-1992,1,4,1
399,CHI-1992,1,1,1
400,MIA-1992,1,8,1
401,ATL-1992,1,9,0
402,UTA-1992,1,2,1
403,BOS-1992,1,3,1
404,MIN-1992,1,13,0
405,SEA-1992,1,6,1
406,CLE-1992,1,2,1
407,DAL-1992,1,12,0
408,SAC-1992,1,10,0
409,MIL-1992,1,12,0
410,LAL-1992,1,8,1
411,LAC-1992,1,7,1
412,HOU-1992,1,9,0
413,PHO-1992,1,4,1
414,IND-1992,1,7,1
415,MIL-1993,1,12,0
416,BOS-1993,1,4,1
417,DEN-1993,1,9,0
418,HOU-1993,1,2,1
419,WSB-1993,1,14,0
420,NJN-1993,1,6,1
421,DET-1993,1,10,0
422,PHO-1993,1,1,1
423,GSW-1993,1,10,0
424,ORL-1993,1,9,0
425,PHI-1993,1,13,0
426,SAS-1993,1,5,1
427,NYK-1993,1,1,1
428,CHI-1993,1,2,1
429,SAC-1993,1,11,0
430,SEA-1993,1,3,1
431,MIA-1993,1,11,0
432,ATL-1993,1,7,1
433,UTA-1993,1,6,1
434,MIN-1993,1,12,0
435,CLE-1993,1,3,1
436,LAL-1993,1,8,1
437,CHH-1993,1,5,1
438,DAL-1993,1,13,0
439,POR-1993,1,4,1
440,LAC-1993,1,7,1
441,IND-1993,1,8,1
442,BOS-1994,1,10,0
443,DEN-1994,1,8,1
444,WSB-1994,1,12,0
445,LAC-1994,1,11,0
446,PHO-1994,1,3,1
447,GSW-1994,1,6,1
448,DET-1994,1,13,0
449,NJN-1994,1,7,1
450,ORL-1994,1,4,1
451,SAS-1994,1,4,1
452,NYK-1994,1,1,1
453,CHI-1994,1,3,1
454,SEA-1994,1,1,1
455,MIA-1994,1,8,1
456,ATL-1994,1,2,1
457,PHI-1994,1,11,0
458,MIL-1994,1,13,0
459,MIN-1994,1,12,0
460,CLE-1994,1,6,1
461,CHH-1994,1,9,0
462,UTA-1994,1,5,1
463,LAL-1994,1,9,0
464,SAC-1994,1,10,0
465,HOU-1994,1,2,1
466,DAL-1994,1,13,0
467,POR-1994,1,7,1
468,IND-1994,1,6,1
469,SAC-1995,1,9,0
470,PHI-1995,1,13,0
471,DEN-1995,1,8,1
472,CHH-1995,1,4,1
473,DET-1995,1,12,0
474,PHO-1995,1,3,1
475,GSW-1995,1,11,0
476,ATL-1995,1,7,1
477,NJN-1995,1,11,0
478,ORL-1995,1,1,1
479,SAS-1995,1,1,1
480,NYK-1995,1,2,1
481,CHI-1995,1,5,1
482,SEA-1995,1,4,1
483,MIA-1995,1,10,0
484,MIL-1995,1,9,0
485,CLE-1995,1,6,1
486,UTA-1995,1,2,1
487,LAL-1995,1,5,1
488,HOU-1995,1,6,1
489,DAL-1995,1,10,0
490,BOS-1995,1,8,1
491,MIN-1995,1,12,0
492,POR-1995,1,7,1
493,WSB-1995,1,14,0
494,IND-1995,1,3,1
495,LAC-1995,1,13,0
496,DEN-1996,1,10,0
497,CHH-1996,1,9,0
498,SAS-1996,1,2,1
499,MIN-1996,1,13,0
500,PHI-1996,1,15,0
501,CLE-1996,1,5,1
502,VAN-1996,1,14,0
503,NJN-1996,1,12,0
504,ORL-1996,1,2,1
505,TOR-1996,1,13,0
506,NYK-1996,1,4,1
507,GSW-1996,1,9,0
508,SEA-1996,1,1,1
509,MIA-1996,1,8,1
510,ATL-1996,1,6,1
511,MIL-1996,1,13,0
512,PHO-1996,1,7,1
513,BOS-1996,1,11,0
514,LAC-1996,1,11,0
515,UTA-1996,1,3,1
516,IND-1996,1,3,1
517,LAL-1996,1,4,1
518,DAL-1996,1,13,0
519,HOU-1996,1,5,1
520,CHI-1996,1,1,1
521,WSB-1996,1,10,0
522,SAC-1996,1,8,1
523,POR-1996,1,6,1
524,DET-1996,1,7,1
525,SAC-1997,1,9,0
526,VAN-1997,1,14,0
527,CHH-1997,1,5,1
528,SAS-1997,1,13,0
529,IND-1997,1,10,0
530,DEN-1997,1,12,0
531,MIL-1997,1,13,0
532,ATL-1997,1,4,1
533,WSB-1997,1,8,1
534,POR-1997,1,5,1
535,ORL-1997,1,7,1
536,UTA-1997,1,1,1
537,MIA-1997,1,2,1
538,GSW-1997,1,10,0
539,NJN-1997,1,13,0
540,DET-1997,1,6,1
541,HOU-1997,1,2,1
542,BOS-1997,1,15,0
543,LAC-1997,1,8,1
544,TOR-1997,1,12,0
545,LAL-1997,1,4,1
546,DAL-1997,1,11,0
547,CLE-1997,1,9,0
548,NYK-1997,1,3,1
549,PHO-1997,1,7,1
550,CHI-1997,1,1,1
551,PHI-1997,1,14,0
552,MIN-1997,1,6,1
553,SEA-1997,1,3,1
554,SAC-1998,1,9,0
555,VAN-1998,1,11,0
556,SAS-1998,1,4,1
557,DEN-1998,1,14,0
558,MIL-1998,1,13,0
559,CLE-1998,1,6,1
560,ATL-1998,1,5,1
561,POR-1998,1,6,1
562,BOS-1998,1,12,0
563,ORL-1998,1,10,0
564,UTA-1998,1,1,1
565,DAL-1998,1,10,0
566,SEA-1998,1,2,1
567,GSW-1998,1,12,0
568,CHH-1998,1,4,1
569,MIA-1998,1,3,1
570,LAC-1998,1,13,0
571,HOU-1998,1,8,1
572,LAL-1998,1,3,1
573,PHI-1998,1,14,0
574,NJN-1998,1,7,1
575,IND-1998,1,2,1
576,TOR-1998,1,15,0
577,NYK-1998,1,8,1
578,CHI-1998,1,1,1
579,PHO-1998,1,5,1
580,MIN-1998,1,7,1
581,WAS-1998,1,9,0
582,DET-1998,1,11,0
583,SAC-1999,1,7,1
584,VAN-1999,1,14,0
585,DEN-1999,1,12,0
586,MIL-1999,1,7,1
587,CLE-1999,1,11,0
588,BOS-1999,1,12,0
589,ORL-1999,1,2,1
590,UTA-1999,1,2,1
591,DAL-1999,1,11,0
592,POR-1999,1,3,1
593,CHH-1999,1,9,0
594,MIA-1999,1,1,1
595,SEA-1999,1,9,0
596,HOU-1999,1,4,1
597,CHI-1999,1,15,0
598,PHI-1999,1,6,1
599,IND-1999,1,3,1
600,ATL-1999,1,4,1
601,LAL-1999,1,5,1
602,GSW-1999,1,10,0
603,NJN-1999,1,14,0
604,MIN-1999,1,8,1
605,TOR-1999,1,10,0
606,NYK-1999,1,8,1
607,DET-1999,1,5,1
608,PHO-1999,1,6,1
609,WAS-1999,1,13,0
610,LAC-1999,1,13,0
611,SAS-1999,1,1,1
612,ORL-2000,1,9,0
613,DEN-2000,1,10,0
614,VAN-2000,1,12,0
615,MIL-2000,1,7,1
616,LAC-2000,1,14,0
617,BOS-2000,1,10,0
618,SAC-2000,1,8,1
619,HOU-2000,1,11,0
620,CHI-2000,1,15,0
621,POR-2000,1,2,1
622,WAS-2000,1,13,0
623,MIN-2000,1,6,1
624,SEA-2000,1,7,1
625,IND-2000,1,1,1
626,CLE-2000,1,11,0
627,GSW-2000,1,13,0
628,PHO-2000,1,5,1
629,TOR-2000,1,6,1
630,ATL-2000,1,14,0
631,PHI-2000,1,4,1
632,MIA-2000,1,2,1
633,DAL-2000,1,9,0
634,SAS-2000,1,4,1
635,CHH-2000,1,5,1
636,NYK-2000,1,3,1
637,LAL-2000,1,1,1
638,DET-2000,1,8,1
639,NJN-2000,1,12,0
640,UTA-2000,1,3,1
641,VAN-2001,1,13,0
642,DEN-2001,1,11,0
643,ORL-2001,1,7,1
644,DAL-2001,1,5,1
645,WAS-2001,1,14,0
646,MIL-2001,1,2,1
647,SAS-2001,1,1,1
648,BOS-2001,1,9,0
649,SAC-2001,1,3,1
650,HOU-2001,1,9,0
651,POR-2001,1,7,1
652,DET-2001,1,10,0
653,MIN-2001,1,8,1
654,SEA-2001,1,10,0
655,PHI-2001,1,1,1
656,IND-2001,1,8,1
657,CHI-2001,1,15,0
658,UTA-2001,1,4,1
659,GSW-2001,1,14,0
660,PHO-2001,1,6,1
661,TOR-2001,1,5,1
662,ATL-2001,1,13,0
663,MIA-2001,1,3,1
664,LAC-2001,1,12,0
665,CLE-2001,1,11,0
666,CHH-2001,1,6,1
667,NYK-2001,1,4,1
668,LAL-2001,1,2,1
669,NJN-2001,1,12,0
670,DEN-2002,1,12,0
671,DAL-2002,1,4,1
672,ATL-2002,1,12,0
673,WAS-2002,1,10,0
674,DET-2002,1,2,1
675,MIA-2002,1,13,0
676,MIL-2002,1,9,0
677,UTA-2002,1,8,1
678,POR-2002,1,6,1
679,BOS-2002,1,3,1
680,MEM-2002,1,13,0
681,NYK-2002,1,13,0
682,CHI-2002,1,15,0
683,GSW-2002,1,14,0
684,ORL-2002,1,4,1
685,TOR-2002,1,8,1
686,CHH-2002,1,5,1
687,MIN-2002,1,5,1
688,SEA-2002,1,8,1
689,PHO-2002,1,10,0
690,PHI-2002,1,6,1
691,IND-2002,1,7,1
692,SAC-2002,1,1,1
693,SAS-2002,1,2,1
694,LAC-2002,1,9,0
695,HOU-2002,1,11,0
696,LAL-2002,1,3,1
697,CLE-2002,1,14,0
698,NJN-2002,1,1,1
699,DAL-2003,1,2,1
700,ATL-2003,1,11,0
701,NOH-2003,1,6,1
702,MIA-2003,1,13,0
703,MIL-2003,1,8,1
704,SEA-2003,1,10,0
705,TOR-2003,1,14,0
706,UTA-2003,1,7,1
707,DEN-2003,1,14,0
708,POR-2003,1,5,1
709,NYK-2003,1,9,0
710,GSW-2003,1,11,0
711,ORL-2003,1,7,1
712,DET-2003,1,1,1
713,BOS-2003,1,6,1
714,MEM-2003,1,12,0
715,CHI-2003,1,12,0
716,IND-2003,1,4,1
717,SAC-2003,1,3,1
718,CLE-2003,1,15,0
719,SAS-2003,1,1,1
720,LAC-2003,1,13,0
721,WAS-2003,1,10,0
722,PHO-2003,1,8,1
723,LAL-2003,1,6,1
724,PHI-2003,1,3,1
725,HOU-2003,1,9,0
726,NJN-2003,1,2,1
727,MIN-2003,1,4,1
728,ATL-2004,1,12,0
729,POR-2004,1,10,0
730,MIA-2004,1,4,1
731,SEA-2004,1,12,0
732,DEN-2004,1,8,1
733,IND-2004,1,1,1
734,NYK-2004,1,7,1
735,WAS-2004,1,13,0
736,NOH-2004,1,6,1
737,UTA-2004,1,9,0
738,DET-2004,1,2,1
739,BOS-2004,1,8,1
740,PHO-2004,1,13,0
741,LAC-2004,1,13,0
742,CLE-2004,1,9,0
743,MEM-2004,1,6,1
744,CHI-2004,1,14,0
745,TOR-2004,1,11,0
746,DAL-2004,1,5,1
747,SAC-2004,1,4,1
748,ORL-2004,1,15,0
749,SAS-2004,1,2,1
750,GSW-2004,1,11,0
751,LAL-2004,1,3,1
752,PHI-2004,1,10,0
753,MIN-2004,1,1,1
754,HOU-2004,1,7,1
755,NJN-2004,1,3,1
756,MIL-2004,1,5,1
757,POR-2005,1,13,0
758,CHA-2005,1,14,0
759,MIA-2005,1,1,1
760,SEA-2005,1,4,1
761,BOS-2005,1,4,1
762,TOR-2005,1,12,0
763,NOH-2005,1,15,0
764,ATL-2005,1,15,0
765,LAC-2005,1,10,0
766,NYK-2005,1,11,0
767,DEN-2005,1,7,1
768,WAS-2005,1,5,1
769,DAL-2005,1,3,1
770,UTA-2005,1,14,0
771,DET-2005,1,2,1
772,LAL-2005,1,12,0
773,ORL-2005,1,10,0
774,HOU-2005,1,5,1
775,PHO-2005,1,1,1
776,SAC-2005,1,6,1
777,SAS-2005,1,2,1
778,MEM-2005,1,8,1
779,IND-2005,1,6,1
780,NJN-2005,1,8,1
781,GSW-2005,1,11,0
782,MIL-2005,1,13,0
783,PHI-2005,1,7,1
784,MIN-2005,1,9,0
785,CHI-2005,1,3,1
786,CLE-2005,1,9,0
787,SAC-2006,1,8,1
788,CHI-2006,1,7,1
789,SEA-2006,1,11,0
790,BOS-2006,1,11,0
791,HOU-2006,1,13,0
792,NOK-2006,1,10,0
793,CHA-2006,1,14,0
794,MIA-2006,1,2,1
795,DEN-2006,1,7,1
796,TOR-2006,1,12,0
797,WAS-2006,1,5,1
798,NYK-2006,1,15,0
799,ORL-2006,1,10,0
800,DAL-2006,1,2,1
801,DET-2006,1,1,1
802,MEM-2006,1,4,1
803,LAC-2006,1,5,1
804,MIN-2006,1,14,0
805,PHO-2006,1,3,1
806,PHI-2006,1,9,0
807,SAS-2006,1,1,1
808,MIL-2006,1,8,1
809,IND-2006,1,6,1
810,GSW-2006,1,12,0
811,POR-2006,1,15,0
812,UTA-2006,1,9,0
813,LAL-2006,1,6,1
814,NJN-2006,1,4,1
815,ATL-2006,1,13,0
816,CLE-2006,1,3,1
817,SAC-2007,1,11,0
818,POR-2007,1,13,0
819,CHI-2007,1,3,1
820,SEA-2007,1,14,0
821,BOS-2007,1,15,0
822,HOU-2007,1,4,1
823,UTA-2007,1,5,1
824,PHI-2007,1,9,0
825,CHA-2007,1,12,0
826,DEN-2007,1,6,1
827,WAS-2007,1,7,1
828,ORL-2007,1,8,1
829,IND-2007,1,10,0
830,NOK-2007,1,10,0
831,MEM-2007,1,15,0
832,GSW-2007,1,7,1
833,NYK-2007,1,11,0
834,PHO-2007,1,2,1
835,DAL-2007,1,1,1
836,TOR-2007,1,4,1
837,MIA-2007,1,5,1
838,SAS-2007,1,3,1
839,MIL-2007,1,14,0
840,DET-2007,1,1,1
841,MIN-2007,1,12,0
842,NJN-2007,1,6,1
843,LAC-2007,1,9,0
844,LAL-2007,1,8,1
845,CLE-2007,1,2,1
846,ATL-2007,1,13,0
847,SAC-2008,1,11,0
848,DET-2008,1,2,1
849,POR-2008,1,10,0
850,NJN-2008,1,10,0
851,DAL-2008,1,7,1
852,BOS-2008,1,1,1
853,HOU-2008,1,5,1
854,PHI-2008,1,7,1
855,NOH-2008,1,2,1
856,CHA-2008,1,12,0
857,DEN-2008,1,8,1
858,MIA-2008,1,15,0
859,WAS-2008,1,5,1
860,ORL-2008,1,3,1
861,LAL-2008,1,1,1
862,GSW-2008,1,9,0
863,NYK-2008,1,14,0
864,PHO-2008,1,4,1
865,TOR-2008,1,6,1
866,SAS-2008,1,3,1
867,MIL-2008,1,13,0
868,ATL-2008,1,8,1
869,UTA-2008,1,6,1
870,LAC-2008,1,12,0
871,MIN-2008,1,13,0
872,CLE-2008,1,4,1
873,MEM-2008,1,14,0
874,CHI-2008,1,11,0
875,SEA-2008,1,15,0
876,IND-2008,1,9,0
877,DET-2009,1,8,1
878,CHA-2009,1,10,0
879,POR-2009,1,3,1
880,MIL-2009,1,12,0
881,BOS-2009,1,2,1
882,HOU-2009,1,5,1
883,ORL-2009,1,3,1
884,PHO-2009,1,9,0
885,DEN-2009,1,2,1
886,NJN-2009,1,11,0
887,MIA-2009,1,5,1
888,WAS-2009,1,15,0
889,LAL-2009,1,1,1
890,NOH-2009,1,7,1
891,MEM-2009,1,12,0
892,OKC-2009,1,13,0
893,GSW-2009,1,10,0
894,TOR-2009,1,13,0
895,DAL-2009,1,6,1
896,ATL-2009,1,4,1
897,SAS-2009,1,4,1
898,MIN-2009,1,11,0
899,SAC-2009,1,15,0
900,UTA-2009,1,8,1
901,PHI-2009,1,6,1
902,LAC-2009,1,14,0
903,NYK-2009,1,14,0
904,IND-2009,1,9,0
905,CHI-2009,1,7,1
906,CLE-2009,1,1,1
907,DEN-2010,1,4,1
908,CHA-2010,1,7,1
909,POR-2010,1,7,1
910,BOS-2010,1,4,1
911,NJN-2010,1,15,0
912,MIA-2010,1,5,1
913,PHO-2010,1,3,1
914,HOU-2010,1,9,0
915,ORL-2010,1,2,1
916,WAS-2010,1,14,0
917,NOH-2010,1,11,0
918,SAC-2010,1,14,0
919,MEM-2010,1,10,0
920,DET-2010,1,13,0
921,GSW-2010,1,13,0
922,TOR-2010,1,9,0
923,DAL-2010,1,2,1
924,NYK-2010,1,11,0
925,MIL-2010,1,6,1
926,ATL-2010,1,3,1
927,SAS-2010,1,8,1
928,LAC-2010,1,12,0
929,UTA-2010,1,5,1
930,OKC-2010,1,6,1
931,PHI-2010,1,12,0
932,MIN-2010,1,15,0
933,CHI-2010,1,8,1
934,LAL-2010,1,1,1
935,IND-2010,1,10,0
936,CLE-2010,1,1,1
937,GSW-2011,1,12,0
938,DEN-2011,1,5,1
939,DAL-2011,1,3,1
940,TOR-2011,1,14,0
941,OKC-2011,1,4,1
942,POR-2011,1,6,1
943,ORL-2011,1,4,1
944,BOS-2011,1,3,1
945,MEM-2011,1,8,1
946,LAC-2011,1,13,0
947,NOH-2011,1,7,1
948,SAS-2011,1,1,1
949,NYK-2011,1,6,1
950,MIA-2011,1,2,1
951,WAS-2011,1,13,0
952,ATL-2011,1,5,1
953,CHI-2011,1,1,1
954,CHA-2011,1,10,0
955,LAL-2011,1,2,1
956,PHO-2011,1,10,0
957,MIL-2011,1,9,0
958,PHI-2011,1,7,1
959,HOU-2011,1,9,0
960,MIN-2011,1,15,0
961,UTA-2011,1,11,0
962,DET-2011,1,11,0
963,SAC-2011,1,14,0
964,IND-2011,1,8,1
965,CLE-2011,1,15,0
966,NJN-2011,1,12,0
967,HOU-2012,1,9,0
968,DEN-2012,1,6,1
969,OKC-2012,1,2,1
970,POR-2012,1,11,0
971,PHI-2012,1,8,1
972,BOS-2012,1,5,1
973,MEM-2012,1,4,1
974,NOH-2012,1,15,0
975,IND-2012,1,3,1
976,TOR-2012,1,11,0
977,SAS-2012,1,1,1
978,ORL-2012,1,6,1
979,NYK-2012,1,7,1
980,MIA-2012,1,2,1
981,CHI-2012,1,1,1
982,CHA-2012,1,15,0
983,DAL-2012,1,8,1
984,MIN-2012,1,12,0
985,LAL-2012,1,3,1
986,GSW-2012,1,13,0
987,UTA-2012,1,7,1
988,LAC-2012,1,5,1
989,WAS-2012,1,14,0
990,NJN-2012,1,12,0
991,MIL-2012,1,9,0
992,PHO-2012,1,10,0
993,DET-2012,1,10,0
994,CLE-2012,1,13,0
995,ATL-2012,1,4,1
996,SAC-2012,1,14,0
997,TOR-2013,1,10,0
998,CHA-2013,1,14,0
999,ORL-2013,1,15,0
1000,HOU-2013,1,8,1
1001,SAC-2013,1,13,0
1002,POR-2013,1,11,0
1003,PHI-2013,1,9,0
1004,MIA-2013,1,1,1
1005,MEM-2013,1,5,1
1006,NOH-2013,1,14,0
1007,MIN-2013,1,12,0
1008,CHI-2013,1,5,1
1009,SAS-2013,1,2,1
1010,NYK-2013,1,2,1
1011,WAS-2013,1,12,0
1012,IND-2013,1,4,1
1013,MIL-2013,1,8,1
1014,BOS-2013,1,7,1
1015,GSW-2013,1,6,1
1016,LAC-2013,1,4,1
1017,PHO-2013,1,15,0
1018,DAL-2013,1,10,0
1019,LAL-2013,1,4,1
1020,BRK-2013,1,3,1
1021,DEN-2013,1,3,1
1022,OKC-2013,1,1,1
1023,UTA-2013,1,9,0
1024,DET-2013,1,11,0
1025,CLE-2013,1,13,0
1026,ATL-2013,1,6,0
1027,TOR-2014,1,3,1
1028,SAC-2014,1,13,0
1029,OKC-2014,1,2,1
1030,CHA-2014,1,7,1
1031,MIL-2014,1,15,0
1032,ORL-2014,1,13,0
1033,NOP-2014,1,12,0
1034,NYK-2014,1,9,0
1035,POR-2014,1,4,1
1036,PHI-2014,1,14,0
1037,IND-2014,1,1,1
1038,MIA-2014,1,2,1
1039,MEM-2014,1,7,1
1040,CHI-2014,1,4,1
1041,BRK-2014,1,5,1
1042,BOS-2014,1,12,0
1043,ATL-2014,1,8,1
1044,WAS-2014,1,6,1
1045,GSW-2014,1,6,1
1046,DEN-2014,1,11,0
1047,HOU-2014,1,5,1
1048,SAS-2014,1,1,1
1049,PHO-2014,1,9,0
1050,MIN-2014,1,10,0
1051,LAC-2014,1,3,1
1052,LAL-2014,1,14,0
1053,CLE-2014,1,10,0
1054,UTA-2014,1,15,0
1055,DET-2014,1,11,0
1056,DAL-2014,1,8,1
1057,NYK-2015,1,15,0
1058,OKC-2015,1,9,0
1059,MIN-2015,1,15,0
1060,DEN-2015,1,12,0
1061,POR-2015,1,6,1
1062,NOP-2015,1,8,1
1063,IND-2015,1,9,0
1064,MEM-2015,1,4,1
1065,DAL-2015,1,7,1
1066,CLE-2015,1,2,1
1067,MIA-2015,1,10,0
1068,BRK-2015,1,8,1
1069,SAS-2015,1,5,1
1070,MIL-2015,1,6,1
1071,DET-2015,1,12,0
1072,ATL-2015,1,1,1
1073,HOU-2015,1,3,1
1074,GSW-2015,1,1,1
1075,LAC-2015,1,2,1
1076,PHO-2015,1,10,0
1077,BOS-2015,1,7,1
1078,WAS-2015,1,5,1
1079,CHO-2015,1,11,0
1080,LAL-2015,1,14,0
1081,UTA-2015,1,11,0
1082,CHI-2015,1,3,1
1083,PHI-2015,1,14,0
1084,SAC-2015,1,13,0
1085,ORL-2015,1,13,0
1086,TOR-2015,1,4,1
1087,SAC-2016,1,11,0
1088,OKC-2016,1,3,1
1089,NYK-2016,1,13,0
1090,NOP-2016,1,12,0
1091,LAC-2016,1,4,1
1092,SAS-2016,1,2,1
1093,IND-2016,1,7,1
1094,MEM-2016,1,7,1
1095,POR-2016,1,5,1
1096,MIA-2016,1,3,1
1097,WAS-2016,1,10,0
1098,DAL-2016,1,6,1
1099,MIL-2016,1,12,0
1100,DET-2016,1,8,1
1101,HOU-2016,1,8,1
1102,DEN-2016,1,10,0
1103,GSW-2016,1,1,1
1104,BRK-2016,1,14,0
1105,LAL-2016,1,15,0
1106,CHO-2016,1,5,1
1107,ATL-2016,1,4,1
1108,TOR-2016,1,2,1
1109,MIN-2016,1,13,0
1110,PHO-2016,1,14,0
1111,UTA-2016,1,9,0
1112,BOS-2016,1,6,1
1113,PHI-2016,1,15,0
1114,CHI-2016,1,9,0
1115,ORL-2016,1,11,0
1116,CLE-2016,1,1,1
1117,OKC-2017,1,6,1
1118,DAL-2017,1,11,0
1119,BRK-2017,1,15,0
1120,SAC-2017,1,12,0
1121,NOP-2017,1,10,0
1122,MIN-2017,1,13,0
1123,SAS-2017,1,2,1
1124,IND-2017,1,7,1
1125,MEM-2017,1,7,1
1126,POR-2017,1,8,1
1127,CLE-2017,1,2,1
1128,LAC-2017,1,5,1
1129,PHI-2017,1,14,1
1130,HOU-2017,1,3,1
1131,MIL-2017,1,6,1
1132,NYK-2017,1,12,0
1133,DEN-2017,1,9,0
1134,ORL-2017,1,13,0
1135,MIA-2017,1,9,0
1136,PHO-2017,1,15,0
1137,GSW-2017,1,1,1
1138,CHO-2017,1,11,0
1139,DET-2017,1,10,0
1140,ATL-2017,1,5,1
1141,WAS-2017,1,4,1
1142,LAL-2017,1,14,0
1143,BOS-2017,1,1,1
1144,UTA-2017,1,4,1
1145,CHI-2017,1,8,1
1146,TOR-2017,1,3,1
1146,Zaid Abdul-Aziz,2,-1,-1
1147,Kareem Abdul-Jabbar*,2,-1,-1
1148,Don Adams,2,-1,-1
1149,Rick Adelman,2,-1,-1
1150,Lucius Allen,2,-1,-1
1151,Dan Anderson,2,-1,-1
1152,Tiny Archibald*,2,-1,-1
1153,Jim Ard,2,-1,-1
1154,Dennis Awtrey,2,-1,-1
1155,Gus Bailey,2,-1,-1
1156,Mike Bantom,2,-1,-1
1157,Jim Barnett,2,-1,-1
1158,Rick Barry*,2,-1,-1
1159,Butch Beard,2,-1,-1
1160,Zelmo Beaty*,2,-1,-1
1161,Ron Behagen,2,-1,-1
1164,Leon Benbow,2,-1,-1
1165,Henry Bibby,2,-1,-1
1166,Dave Bing*,2,-1,-1
1168,Tom Boerwinkle,2,-1,-1
1169,Freddie Boyd,2,-1,-1
1172,Bill Bradley*,2,-1,-1
1173,Jim Brewer,2,-1,-1
1176,Allan Bristow,2,-1,-1
1177,Gary Brokaw,2,-1,-1
1178,Fred Brown,2,-1,-1
1179,John Brown,2,-1,-1
1180,Tom Burleson,2,-1,-1
1181,Corky Calhoun,2,-1,-1
1182,Austin Carr,2,-1,-1
1183,Fred Carter,2,-1,-1
1184,Harvey Catchings,2,-1,-1
1185,Don Chaney,2,-1,-1
1186,Ken Charles,2,-1,-1
1187,Phil Chenier,2,-1,-1
1188,Jim Chones,2,-1,-1
1189,Archie Clark,2,-1,-1
1190,Jim Cleamons,2,-1,-1
1191,Barry Clemens,2,-1,-1
1193,E.C. Coleman,2,-1,-1
1194,Doug Collins,2,-1,-1
1195,Mel Counts,2,-1,-1
1196,Dave Cowens*,2,-1,-1
1197,Billy Cunningham*,2,-1,-1
1200,Bob Dandridge,2,-1,-1
1202,Dwight Davis,2,-1,-1
1203,Jim Davis,2,-1,-1
1204,Mel Davis,2,-1,-1
1205,Mickey Davis,2,-1,-1
1206,Rod Derline,2,-1,-1
1207,Derrek Dickey,2,-1,-1
1208,Ernie DiGregorio,2,-1,-1
1210,John Drew,2,-1,-1
1212,Charles Dudley,2,-1,-1
1215,Al Eberhard,2,-1,-1
1216,Leroy Ellis,2,-1,-1
1217,Keith Erickson,2,-1,-1
1219,Chris Ford,2,-1,-1
1220,Fred Foster,2,-1,-1
1221,Jim Fox,2,-1,-1
1222,Walt Frazier*,2,-1,-1
1224,Rowland Garrett,2,-1,-1
1225,John Gianelli,2,-1,-1
1226,Dick Gibbs,2,-1,-1
1227,Herm Gilliam,2,-1,-1
1228,Gail Goodrich*,2,-1,-1
1229,Leonard Gray,2,-1,-1
1231,Matt Guokas,2,-1,-1
1232,Happy Hairston,2,-1,-1
1235,Clem Haskins,2,-1,-1
1236,John Havlicek*,2,-1,-1
1237,Steve Hawes,2,-1,-1
1238,Connie Hawkins*,2,-1,-1
1239,Nate Hawthorne,2,-1,-1
1240,Elvin Hayes*,2,-1,-1
1241,Spencer Haywood*,2,-1,-1
1242,Gar Heard,2,-1,-1
1243,Tom Henderson,2,-1,-1
1245,Lou Hudson,2,-1,-1
1248,Phil Jackson*,2,-1,-1
1250,Aaron James,2,-1,-1
1251,Charles Johnson,2,-1,-1
1252,George Johnson,2,-1,-1
1253,John Johnson,2,-1,-1
1254,Mickey Johnson,2,-1,-1
1255,Ollie Johnson,2,-1,-1
1256,Dwight Jones,2,-1,-1
1257,Jimmy Jones,2,-1,-1
1263,Tom Kozelko,2,-1,-1
1264,Steve Kuberski,2,-1,-1
1265,Kevin Kunnert,2,-1,-1
1266,Sam Lacey,2,-1,-1
1267,Bob Lanier*,2,-1,-1
1268,Stu Lantz,2,-1,-1
1269,Clyde Lee,2,-1,-1
1272,Bob Love,2,-1,-1
1274,Phil Lumpkin,2,-1,-1
1275,Pete Maravich*,2,-1,-1
1276,Jack Marin,2,-1,-1
1277,LaRue Martin,2,-1,-1
1279,Bob McAdoo*,2,-1,-1
1280,Glenn McDonald,2,-1,-1
1281,Jon McGlocklin,2,-1,-1
1283,Jim McMillian,2,-1,-1
1284,Larry McNeill,2,-1,-1
1285,Cliff Meely,2,-1,-1
1286,Gary Melchionni,2,-1,-1
1287,Dean Meminger,2,-1,-1
1288,John Mengelt,2,-1,-1
1289,Steve Mix,2,-1,-1
1290,Eric Money,2,-1,-1
1291,Earl Monroe*,2,-1,-1
1292,Otto Moore,2,-1,-1
1293,Jeff Mullins,2,-1,-1
1294,Calvin Murphy*,2,-1,-1
1295,Lloyd Neal,2,-1,-1
1296,Don Nelson*,2,-1,-1
1297,Louie Nelson,2,-1,-1
1298,Mike Newlin,2,-1,-1
1299,Connie Norman,2,-1,-1
1300,Willie Norwood,2,-1,-1
1302,Steve Patterson,2,-1,-1
1303,Curtis Perry,2,-1,-1
1304,Geoff Petrie,2,-1,-1
1305,Howard Porter,2,-1,-1
1306,Kevin Porter,2,-1,-1
1307,Jim Price,2,-1,-1
1308,Ed Ratleff,2,-1,-1
1309,Clifford Ray,2,-1,-1
1310,Kevin Restani,2,-1,-1
1312,Pat Riley*,2,-1,-1
1313,Ron Riley,2,-1,-1
1314,Mike Riordan,2,-1,-1
1315,Rick Roberson,2,-1,-1
1316,Truck Robinson,2,-1,-1
1317,Curtis Rowe,2,-1,-1
1320,Campy Russell,2,-1,-1
1321,Cazzie Russell,2,-1,-1
1322,Fred Saunders,2,-1,-1
1323,Dale Schlueter,2,-1,-1
1324,Charlie Scott,2,-1,-1
1325,Paul Silas,2,-1,-1
1326,Tal Skinner,2,-1,-1
1327,Jerry Sloan*,2,-1,-1
1328,Bingo Smith,2,-1,-1
1330,Elmore Smith,2,-1,-1
1331,Greg Smith,2,-1,-1
1332,Phil Smith,2,-1,-1
1333,Randy Smith,2,-1,-1
1334,Dick Snyder,2,-1,-1
1335,Mike Sojourner,2,-1,-1
1336,Kevin Stacom,2,-1,-1
1337,Bud Stallworth,2,-1,-1
1339,Larry Steele,2,-1,-1
1340,George Thompson,2,-1,-1
1341,Nate Thurmond*,2,-1,-1
1343,Rudy Tomjanovich,2,-1,-1
1344,George Trapp,2,-1,-1
1346,Wes Unseld*,2,-1,-1
1347,Dick Van,2,-1,-1
1348,Tom Van,2,-1,-1
1349,Norm Van,2,-1,-1
1350,Neal Walk,2,-1,-1
1351,Chet Walker*,2,-1,-1
1352,Foots Walker,2,-1,-1
1353,Jimmy Walker,2,-1,-1
1354,Bill Walton*,2,-1,-1
1356,Cornell Warner,2,-1,-1
1357,Jim Washington,2,-1,-1
1358,Kermit Washington,2,-1,-1
1360,Slick Watts,2,-1,-1
1361,Nick Weatherspoon,2,-1,-1
1362,Scott Wedman,2,-1,-1
1363,Bob Weiss,2,-1,-1
1366,Paul Westphal,2,-1,-1
1367,John Wetzel,2,-1,-1
1368,Jo Jo,2,-1,-1
1369,Sidney Wicks,2,-1,-1
1370,Lenny Wilkens*,2,-1,-1
1371,Jamaal Wilkes*,2,-1,-1
1372,Earl Williams,2,-1,-1
1373,Nate Williams,2,-1,-1
1375,Bobby Wilson,2,-1,-1
1376,Lee Winfield,2,-1,-1
1377,Harthorne Wingo,2,-1,-1
1378,Brian Winters,2,-1,-1
1380,Dave Wohl,2,-1,-1
1381,Alvan Adams,2,-1,-1
1385,Tom Boswell,2,-1,-1
1386,Junior Bridgeman,2,-1,-1
1388,Joe Bryant,2,-1,-1
1391,Darryl Dawkins,2,-1,-1
1393,Eric Fernsten,2,-1,-1
1395,Don Ford,2,-1,-1
1396,World B.,2,-1,-1
1397,Donnie Freeman,2,-1,-1
1398,Kevin Grevey,2,-1,-1
1399,Bob Gross,2,-1,-1
1401,Glenn Hansen,2,-1,-1
1402,Robert Hawkins,2,-1,-1
1403,Wilbur Holland,2,-1,-1
1404,Lionel Hollins,2,-1,-1
1407,Rich Kelley,2,-1,-1
1409,C.J. Kupec,2,-1,-1
1410,John Lambert,2,-1,-1
1411,John Laskowski,2,-1,-1
1413,Clyde Mayes,2,-1,-1
1416,Jim McElroy,2,-1,-1
1417,George McGinnis,2,-1,-1
1418,Tom McMillen,2,-1,-1
1419,Joe Meriweather,2,-1,-1
1420,Dave Meyers,2,-1,-1
1421,Frank Oleynick,2,-1,-1
1422,Cliff Pondexter,2,-1,-1
1423,Bill Robinzine,2,-1,-1
1424,John Roche,2,-1,-1
1425,Bruce Seals,2,-1,-1
1428,John Shumate,2,-1,-1
1429,Ricky Sobers,2,-1,-1
1431,Rudy White,2,-1,-1
1432,Gus Williams,2,-1,-1
1433,Bill Willoughby,2,-1,-1
1434,Tom Abernethy,2,-1,-1
1435,Bird Averitt,2,-1,-1
1436,Tom Barker,2,-1,-1
1437,Marvin Barnes,2,-1,-1
1439,Mike Barr,2,-1,-1
1440,Tim Bassett,2,-1,-1
1442,Mel Bennett,2,-1,-1
1443,Ron Boone,2,-1,-1
1444,Quinn Buckner,2,-1,-1
1446,Don Buse,2,-1,-1
1447,Mack Calvin,2,-1,-1
1448,M.L. Carr,2,-1,-1
1451,Louie Dampier*,2,-1,-1
1453,Adrian Dantley*,2,-1,-1
1454,Johnny Davis,2,-1,-1
1457,Coby Dietrick,2,-1,-1
1458,Leon Douglas,2,-1,-1
1459,Mike Dunleavy,2,-1,-1
1460,Jim Eakins,2,-1,-1
1461,Len Elmore,2,-1,-1
1463,Alex English*,2,-1,-1
1464,Julius Erving*,2,-1,-1
1466,Mike Flynn,2,-1,-1
1467,Terry Furlow,2,-1,-1
1468,Mike Gale,2,-1,-1
1469,Gus Gerard,2,-1,-1
1470,George Gervin*,2,-1,-1
1471,Artis Gilmore*,2,-1,-1
1472,Mike Green,2,-1,-1
1473,Steve Green,2,-1,-1
1474,Paul Griffin,2,-1,-1
1477,Armond Hill,2,-1,-1
1478,Darnell Hillman,2,-1,-1
1480,Kim Hughes,2,-1,-1
1481,Dan Issel*,2,-1,-1
1482,Dennis Johnson*,2,-1,-1
1483,Bobby Jones,2,-1,-1
1484,Caldwell Jones,2,-1,-1
1486,Robin Jones,2,-1,-1
1487,Wil Jones,2,-1,-1
1490,Larry Kenon,2,-1,-1
1491,Billy Knight,2,-1,-1
1492,Mitch Kupchak,2,-1,-1
1493,Bo Lamar,2,-1,-1
1494,Mo Layton,2,-1,-1
1495,Ron Lee,2,-1,-1
1497,Scott Lloyd,2,-1,-1
1498,John Lucas,2,-1,-1
1499,Maurice Lucas,2,-1,-1
1500,Moses Malone*,2,-1,-1
1501,Scott May,2,-1,-1
1502,Andre McCarter,2,-1,-1
1503,Ted McClain,2,-1,-1
1506,Swen Nater,2,-1,-1
1507,Johnny Neumann,2,-1,-1
1508,Mark Olberding,2,-1,-1
1509,Tom Owens,2,-1,-1
1511,Robert Parish*,2,-1,-1
1512,Sonny Parker,2,-1,-1
1513,Billy Paultz,2,-1,-1
1515,Dave Robisch,2,-1,-1
1517,Dan Roundfield,2,-1,-1
1519,Lonnie Shelton,2,-1,-1
1520,James Silas,2,-1,-1
1521,Ralph Simpson,2,-1,-1
1522,Al Skinner,2,-1,-1
1523,Willie Smith,2,-1,-1
1525,Earl Tatum,2,-1,-1
1526,Brian Taylor,2,-1,-1
1527,Fatty Taylor,2,-1,-1
1528,Ira Terrell,2,-1,-1
1529,Chuck Terry,2,-1,-1
1531,David Thompson*,2,-1,-1
1533,Dave Twardzik,2,-1,-1
1534,Jan Van,2,-1,-1
1536,Wally Walker,2,-1,-1
1537,Lloyd Walton,2,-1,-1
1539,Richard Washington,2,-1,-1
1540,Marvin Webster,2,-1,-1
1541,Bob Wilkerson,2,-1,-1
1542,Chuck Williams,2,-1,-1
1544,John Williamson,2,-1,-1
1545,Willie Wise,2,-1,-1
1546,Larry Wright,2,-1,-1
1548,Greg Ballard,2,-1,-1
1549,Kent Benson,2,-1,-1
1550,Otis Birdsong,2,-1,-1
1553,Alonzo Bradley,2,-1,-1
1554,Mike Bratz,2,-1,-1
1556,Kenny Carr,2,-1,-1
1557,Bob Carrington,2,-1,-1
1559,Charlie Criss,2,-1,-1
1561,Brad Davis,2,-1,-1
1562,Walter Davis,2,-1,-1
1564,T.R. Dunn,2,-1,-1
1565,James Edwards,2,-1,-1
1566,Bo Ellis,2,-1,-1
1568,Bayard Forrest,2,-1,-1
1569,Mike Glenn,2,-1,-1
1570,Glen Gondrezick,2,-1,-1
1571,Rickey Green,2,-1,-1
1573,Ernie Grunfeld,2,-1,-1
1574,Joe Hassett,2,-1,-1
1575,Eddie Johnson,2,-1,-1
1576,Larry Johnson,2,-1,-1
1577,Marques Johnson,2,-1,-1
1578,Eddie Jordan,2,-1,-1
1579,Bernard King*,2,-1,-1
1580,Toby Knight,2,-1,-1
1581,John Kuester,2,-1,-1
1582,Tom LaGarde,2,-1,-1
1583,Mark Landsberger,2,-1,-1
1586,Cedric Maxwell,2,-1,-1
1589,Bob Nash,2,-1,-1
1590,Norm Nixon,2,-1,-1
1592,Ben Poquette,2,-1,-1
1593,Robert Reid,2,-1,-1
1594,Anthony Roberts,2,-1,-1
1595,Tony Robertson,2,-1,-1
1596,Tree Rollins,2,-1,-1
1597,Alvin Scott,2,-1,-1
1599,Jack Sikma,2,-1,-1
1601,Robert Smith,2,-1,-1
1603,Wilson Washington,2,-1,-1
1604,Ray Williams,2,-1,-1
1608,Winford Boynes,2,-1,-1
1609,Ron Brewer,2,-1,-1
1611,Marty Byrnes,2,-1,-1
1613,Maurice Cheeks,2,-1,-1
1614,Michael Cooper,2,-1,-1
1615,Wayne Cooper,2,-1,-1
1616,Dave Corzine,2,-1,-1
1619,Bob Elliott,2,-1,-1
1621,Phil Ford,2,-1,-1
1622,Jack Givens,2,-1,-1
1625,James Hardy,2,-1,-1
1626,Keith Herron,2,-1,-1
1627,Kenny Higgs,2,-1,-1
1630,Clemon Johnson,2,-1,-1
1631,Jeff Judkins,2,-1,-1
1632,Joel Kramer,2,-1,-1
1633,Butch Lee,2,-1,-1
1634,John Long,2,-1,-1
1635,Billy McKinney,2,-1,-1
1636,Mike Mitchell,2,-1,-1
1638,Roger Phegley,2,-1,-1
1639,Stan Pietkiewicz,2,-1,-1
1641,Marlon Redmond,2,-1,-1
1642,Micheal Ray,2,-1,-1
1643,Rick Robey,2,-1,-1
1647,Purvis Short,2,-1,-1
1649,Reggie Theus,2,-1,-1
1650,Mychal Thompson,2,-1,-1
1651,Raymond Townsend,2,-1,-1
1652,Terry Tyler,2,-1,-1
1654,Jerome Whitehead,2,-1,-1
1655,Freeman Williams,2,-1,-1
1657,James Bailey,2,-1,-1
1658,Billy Ray,2,-1,-1
1659,Larry Bird*,2,-1,-1
1661,Dudley Bradley,2,-1,-1
1662,Bill Cartwright,2,-1,-1
1663,Jeff Cook,2,-1,-1
1664,Hollis Copeland,2,-1,-1
1667,Pat Cummings,2,-1,-1
1670,Larry Demic,2,-1,-1
1671,Terry Duerod,2,-1,-1
1673,Mike Evans,2,-1,-1
1674,Gary Garland,2,-1,-1
1675,Dave Greenwood,2,-1,-1
1676,Roy Hamilton,2,-1,-1
1677,Gerald Henderson,2,-1,-1
1678,Johnny High,2,-1,-1
1680,Phil Hubbard,2,-1,-1
1681,Geoff Huston,2,-1,-1
1682,Abdul Jeelani,2,-1,-1
1684,Magic Johnson*,2,-1,-1
1685,Vinnie Johnson,2,-1,-1
1686,Major Jones,2,-1,-1
1687,Greg Kelser,2,-1,-1
1690,Reggie King,2,-1,-1
1692,Allen Leavell,2,-1,-1
1693,Ollie Mack,2,-1,-1
1695,Paul Mokeski,2,-1,-1
1696,Sidney Moncrief,2,-1,-1
1697,Calvin Natt,2,-1,-1
1699,Jim Paxson,2,-1,-1
1701,Sam Pellom,2,-1,-1
1702,Clint Richardson,2,-1,-1
1703,Cliff Robinson,2,-1,-1
1704,Jim Spanarkel,2,-1,-1
1706,Duck Williams,2,-1,-1
1707,Sly Williams,2,-1,-1
1713,Michael Brooks,2,-1,-1
1715,Rickey Brown,2,-1,-1
1716,Joe Barry,2,-1,-1
1717,Butch Carter,2,-1,-1
1718,Reggie Carter,2,-1,-1
1720,Don Collins,2,-1,-1
1721,Darwin Cook,2,-1,-1
1722,Earl Cureton,2,-1,-1
1724,James Donaldson,2,-1,-1
1725,Larry Drew,2,-1,-1
1727,John Duren,2,-1,-1
1729,Calvin Garrett,2,-1,-1
1730,Mike Gminski,2,-1,-1
1731,Darrell Griffith,2,-1,-1
1732,Bill Hanzlik,2,-1,-1
1734,Mike Harper,2,-1,-1
1735,Cedrick Hordges,2,-1,-1
1738,Reggie Johnson,2,-1,-1
1739,Edgar Jones,2,-1,-1
1744,Bill Laimbeer,2,-1,-1
1746,Ronnie Lester,2,-1,-1
1747,Kyle Macy,2,-1,-1
1748,Rick Mahorn,2,-1,-1
1749,Wes Matthews,2,-1,-1
1752,Kevin McHale*,2,-1,-1
1754,Johnny Moore,2,-1,-1
1755,Lowes Moore,2,-1,-1
1757,Carl Nicks,2,-1,-1
1759,Mike O'Koren,2,-1,-1
1760,Jawann Oldham,2,-1,-1
1761,Louis Orr,2,-1,-1
1765,Kelvin Ransey,2,-1,-1
1768,Wayne Robinson,2,-1,-1
1769,Lorenzo Romar,2,-1,-1
1772,Jerry Sichting,2,-1,-1
1773,Larry Smith,2,-1,-1
1774,Rory Sparrow,2,-1,-1
1776,Carlos Terry,2,-1,-1
1777,Andrew Toney,2,-1,-1
1779,Kiki Vandeweghe,2,-1,-1
1781,Hawkeye Whitney,2,-1,-1
1782,Michael Wiley,2,-1,-1
1783,James Wilkes,2,-1,-1
1784,Jeff Wilkins,2,-1,-1
1785,Mike Woodson,2,-1,-1
1787,Mark Aguirre,2,-1,-1
1788,Danny Ainge,2,-1,-1
1790,Gene Banks,2,-1,-1
1791,Rolando Blackman,2,-1,-1
1796,Jim Brogan,2,-1,-1
1800,Tom Chambers,2,-1,-1
1802,Charles Davis,2,-1,-1
1803,Kenny Dennard,2,-1,-1
1805,John Douglas,2,-1,-1
1807,Franklin Edwards,2,-1,-1
1808,Petur Gudmundsson,2,-1,-1
1810,Steve Hayes,2,-1,-1
1811,Tracy Jackson,2,-1,-1
1813,Frank Johnson,2,-1,-1
1814,Steve Johnson,2,-1,-1
1815,Albert King,2,-1,-1
1816,Jeff Lamp,2,-1,-1
1818,Alton Lister,2,-1,-1
1819,Lewis Lloyd,2,-1,-1
1820,Kevin Loder,2,-1,-1
1821,Rudy Macklin,2,-1,-1
1823,Hank McDowell,2,-1,-1
1824,Mike McGee,2,-1,-1
1825,Kevin McKenna,2,-1,-1
1826,Larry Nance,2,-1,-1
1827,Kurt Nimphius,2,-1,-1
1830,Kurt Rambis,2,-1,-1
1831,Jeff Ruland,2,-1,-1
1832,Danny Schayes,2,-1,-1
1834,Larry Spriggs,2,-1,-1
1835,Isiah Thomas*,2,-1,-1
1836,Ray Tolbert,2,-1,-1
1837,Kelly Tripucka,2,-1,-1
1838,Elston Turner,2,-1,-1
1839,Darnell Valentine,2,-1,-1
1840,Pete Verhoeven,2,-1,-1
1841,Jay Vincent,2,-1,-1
1842,Danny Vranes,2,-1,-1
1843,Buck Williams,2,-1,-1
1844,Herb Williams,2,-1,-1
1845,Sam Williams,2,-1,-1
1847,Al Wood,2,-1,-1
1849,Orlando Woolridge,2,-1,-1
1852,J.J. Anderson,2,-1,-1
1853,Richard Anderson,2,-1,-1
1854,John Bagley,2,-1,-1
1856,Lester Conner,2,-1,-1
1858,Terry Cummings,2,-1,-1
1859,Quintin Dailey,2,-1,-1
1861,Mark Eaton,2,-1,-1
1862,Jerry Eaves,2,-1,-1
1864,Chris Engler,2,-1,-1
1866,Sleepy Floyd,2,-1,-1
1867,Bill Garnett,2,-1,-1
1869,Scott Hastings,2,-1,-1
1870,Rod Higgins,2,-1,-1
1871,Craig Hodges,2,-1,-1
1872,Marc Iavaroni,2,-1,-1
1875,Clark Kellogg,2,-1,-1
1876,Joe Kopicki,2,-1,-1
1877,Fat Lever,2,-1,-1
1878,Cliff Levingston,2,-1,-1
1881,Mark McNamara,2,-1,-1
1883,Ed Nealy,2,-1,-1
1885,Audie Norris,2,-1,-1
1887,Ricky Pierce,2,-1,-1
1888,Charles Pittman,2,-1,-1
1889,Paul Pressey,2,-1,-1
1891,Walker Russell,2,-1,-1
1892,Mike Sanders,2,-1,-1
1893,Russ Schoene,2,-1,-1
1894,Ed Sherod,2,-1,-1
1896,Derek Smith,2,-1,-1
1897,Brook Steppe,2,-1,-1
1900,Terry Teagle,2,-1,-1
1901,David Thirdkill,2,-1,-1
1903,LaSalle Thompson,2,-1,-1
1904,Darren Tillis,2,-1,-1
1906,Trent Tucker,2,-1,-1
1907,Bryan Warrick,2,-1,-1
1908,Rory White,2,-1,-1
1909,Dominique Wilkins*,2,-1,-1
1911,Rob Williams,2,-1,-1
1912,James Worthy*,2,-1,-1
1915,Thurl Bailey,2,-1,-1
1916,Randy Breuer,2,-1,-1
1917,Wallace Bryant,2,-1,-1
1922,Darren Daye,2,-1,-1
1923,Clyde Drexler*,2,-1,-1
1924,Craig Ehlo,2,-1,-1
1925,Dale Ellis,2,-1,-1
1926,Rod Foster,2,-1,-1
1930,Sidney Green,2,-1,-1
1931,Bob Hansen,2,-1,-1
1932,Derek Harper,2,-1,-1
1933,Roy Hinson,2,-1,-1
1934,Charles Jones,2,-1,-1
1936,Greg Kite,2,-1,-1
1939,Sidney Lowe,2,-1,-1
1940,Jeff Malone,2,-1,-1
1941,Pace Mannion,2,-1,-1
1942,Rodney McCray,2,-1,-1
1946,John Paxson,2,-1,-1
1950,Doc Rivers,2,-1,-1
1951,Fred Roberts,2,-1,-1
1952,Ralph Sampson*,2,-1,-1
1953,Byron Scott,2,-1,-1
1954,Steve Stipanovich,2,-1,-1
1955,Jon Sundvold,2,-1,-1
1957,Jim Thomas,2,-1,-1
1958,Paul Thompson,2,-1,-1
1959,Sedale Threatt,2,-1,-1
1960,Granville Waiters,2,-1,-1
1961,Darrell Walker,2,-1,-1
1963,Mark West,2,-1,-1
1964,Ennis Whatley,2,-1,-1
1965,Mitchell Wiggins,2,-1,-1
1966,Kevin Williams,2,-1,-1
1968,Randy Wittman,2,-1,-1
1969,Chuck Aleksinas,2,-1,-1
1970,Ron Anderson,2,-1,-1
1971,Ken Bannister,2,-1,-1
1972,Charles Barkley*,2,-1,-1
1974,Sam Bowie,2,-1,-1
1975,Frank Brickowski,2,-1,-1
1976,Tony Brown,2,-1,-1
1977,Steve Burtt,2,-1,-1
1978,Michael Cage,2,-1,-1
1979,Tony Campbell,2,-1,-1
1980,Rick Carlisle,2,-1,-1
1981,Antoine Carr,2,-1,-1
1983,Steve Colter,2,-1,-1
1986,Kenny Fields,2,-1,-1
1987,Vern Fleming,2,-1,-1
1988,Lancaster Gordon,2,-1,-1
1990,Stuart Gray,2,-1,-1
1991,Mike Holton,2,-1,-1
1992,Jay Humphries,2,-1,-1
1996,Michael Jordan*,2,-1,-1
1997,Jerome Kersey,2,-1,-1
1998,Tim McCormick,2,-1,-1
2000,Hakeem Olajuwon*,2,-1,-1
2001,Sam Perkins,2,-1,-1
2002,Jim Petersen,2,-1,-1
2003,Gary Plummer,2,-1,-1
2005,Alvin Robertson,2,-1,-1
2012,Terence Stansbury,2,-1,-1
2013,John Stockton*,2,-1,-1
2015,Bernard Thompson,2,-1,-1
2016,Otis Thorpe,2,-1,-1
2017,Jeff Turner,2,-1,-1
2018,Melvin Turpin,2,-1,-1
2020,Eddie Lee,2,-1,-1
2023,Kevin Willis,2,-1,-1
2024,Othell Wilson,2,-1,-1
2025,Leon Wood,2,-1,-1
2026,Danny Young,2,-1,-1
2028,Michael Adams,2,-1,-1
2029,John Battle,2,-1,-1
2030,Benoit Benjamin,2,-1,-1
2031,Uwe Blab,2,-1,-1
2032,Manute Bol,2,-1,-1
2034,Terry Catledge,2,-1,-1
2038,Tyrone Corbin,2,-1,-1
2041,Joe Dumars*,2,-1,-1
2042,Patrick Ewing*,2,-1,-1
2044,A.C. Green,2,-1,-1
2048,Steve Harris,2,-1,-1
2055,Joe Kleine,2,-1,-1
2056,Jon Koncak,2,-1,-1
2057,Keith Lee,2,-1,-1
2058,Karl Malone*,2,-1,-1
2062,Xavier McDaniel,2,-1,-1
2063,Ben McDonald,2,-1,-1
2064,Chris McNealy,2,-1,-1
2065,Dirk Minniefield,2,-1,-1
2066,Perry Moss,2,-1,-1
2067,Chris Mullin*,2,-1,-1
2068,Charles Oakley,2,-1,-1
2069,Michael Phelps,2,-1,-1
2070,Ed Pinckney,2,-1,-1
2071,Terry Porter,2,-1,-1
2072,Blair Rasmussen,2,-1,-1
2073,Jerry Reynolds,2,-1,-1
2075,Detlef Schrempf,2,-1,-1
2076,Carey Scurry,2,-1,-1
2077,Mike Smrek,2,-1,-1
2080,Bob Thornton,2,-1,-1
2081,Wayman Tisdale,2,-1,-1
2082,Sedric Toney,2,-1,-1
2084,Sam Vincent,2,-1,-1
2085,Spud Webb,2,-1,-1
2086,Bill Wennington,2,-1,-1
2087,Gerald Wilkins,2,-1,-1
2090,Rafael Addison,2,-1,-1
2091,Mark Alarie,2,-1,-1
2092,William Bedford,2,-1,-1
2093,Walter Berry,2,-1,-1
2095,Adrian Branch,2,-1,-1
2096,Mike Brown,2,-1,-1
2097,Ben Coleman,2,-1,-1
2098,Dell Curry,2,-1,-1
2099,Brad Daugherty,2,-1,-1
2100,Johnny Dawkins,2,-1,-1
2102,Greg Dreiling,2,-1,-1
2103,Kevin Duckworth,2,-1,-1
2104,Dave Feitl,2,-1,-1
2105,Kenny Gattison,2,-1,-1
2106,Grant Gondrezick,2,-1,-1
2107,Ron Harper,2,-1,-1
2108,Cedric Henderson,2,-1,-1
2111,Jeff Hornacek,2,-1,-1
2113,Buck Johnson,2,-1,-1
2115,Anthony Jones,2,-1,-1
2116,Tim Kempton,2,-1,-1
2118,Larry Krystkowiak,2,-1,-1
2123,Nate McMillan,2,-1,-1
2125,Pete Myers,2,-1,-1
2126,Johnny Newman,2,-1,-1
2128,Chuck Person,2,-1,-1
2130,Harold Pressley,2,-1,-1
2131,Mark Price,2,-1,-1
2132,Dennis Rodman*,2,-1,-1
2135,John Salley,2,-1,-1
2136,Brad Sellers,2,-1,-1
2138,Scott Skiles,2,-1,-1
2141,Otis Smith,2,-1,-1
2142,Roy Tarpley,2,-1,-1
2143,Billy Thompson,2,-1,-1
2144,Andre Turner,2,-1,-1
2145,Kenny Walker,2,-1,-1
2147,Pearl Washington,2,-1,-1
2148,Hot Rod,2,-1,-1
2149,John Williams,2,-1,-1
2150,David Wingate,2,-1,-1
2153,Mark Acres,2,-1,-1
2154,Steve Alford,2,-1,-1
2155,Greg Anderson,2,-1,-1
2157,Vincent Askew,2,-1,-1
2159,Muggsy Bogues,2,-1,-1
2161,Dallas Comegys,2,-1,-1
2164,Chris Dudley,2,-1,-1
2165,Jim Farmer,2,-1,-1
2166,Tellis Frank,2,-1,-1
2167,Kevin Gamble,2,-1,-1
2168,Winston Garland,2,-1,-1
2169,Armen Gilliam,2,-1,-1
2170,Horace Grant,2,-1,-1
2172,Dave Hoppen,2,-1,-1
2173,Dennis Hopson,2,-1,-1
2174,Eddie Hughes,2,-1,-1
2175,Mark Jackson,2,-1,-1
2178,Kevin Johnson,2,-1,-1
2181,Reggie Lewis,2,-1,-1
2182,Brad Lohaus,2,-1,-1
2183,Derrick McKey,2,-1,-1
2184,Reggie Miller*,2,-1,-1
2188,Tod Murphy,2,-1,-1
2190,Ken Norman,2,-1,-1
2191,Scottie Pippen*,2,-1,-1
2192,Olden Polynice,2,-1,-1
2194,Scott Roth,2,-1,-1
2195,Brian Rowsom,2,-1,-1
2196,Kenny Smith,2,-1,-1
2202,Chris Welp,2,-1,-1
2206,Reggie Williams,2,-1,-1
2210,Joe Wolf,2,-1,-1
2214,Willie Anderson,2,-1,-1
2215,Ricky Berry,2,-1,-1
2216,Anthony Bowie,2,-1,-1
2217,Scott Brooks,2,-1,-1
2218,Mark Bryant,2,-1,-1
2221,Rex Chapman,2,-1,-1
2222,Derrick Chievous,2,-1,-1
2223,Mark Davis,2,-1,-1
2224,Vinny Del,2,-1,-1
2226,Ledell Eackles,2,-1,-1
2227,Kevin Edwards,2,-1,-1
2230,Duane Ferrell,2,-1,-1
2231,Anthony Frederick,2,-1,-1
2232,Corey Gaines,2,-1,-1
2233,Tom Garrick,2,-1,-1
2237,Gary Grant,2,-1,-1
2238,Harvey Grant,2,-1,-1
2239,Sylvester Gray,2,-1,-1
2240,Jeff Grayer,2,-1,-1
2241,Jack Haley,2,-1,-1
2242,Hersey Hawkins,2,-1,-1
2244,Avery Johnson,2,-1,-1
2247,Steve Kerr,2,-1,-1
2248,Randolph Keys,2,-1,-1
2249,Jerome Lane,2,-1,-1
2250,Andrew Lang,2,-1,-1
2251,Eric Leckner,2,-1,-1
2252,Jim Les,2,-1,-1
2254,Grant Long,2,-1,-1
2255,Dan Majerle,2,-1,-1
2256,Danny Manning,2,-1,-1
2257,Vernon Maxwell,2,-1,-1
2259,Chris Morris,2,-1,-1
2263,Will Perdue,2,-1,-1
2264,Tim Perry,2,-1,-1
2267,Mitch Richmond*,2,-1,-1
2269,David Rivers,2,-1,-1
2272,Rony Seikaly,2,-1,-1
2273,Charles Shackleford,2,-1,-1
2274,John Shasky,2,-1,-1
2275,Brian Shaw,2,-1,-1
2277,Charles Smith,2,-1,-1
2278,Rik Smits,2,-1,-1
2279,John Starks,2,-1,-1
2281,Rod Strickland,2,-1,-1
2284,Tom Tolbert,2,-1,-1
2285,Kelvin Upshaw,2,-1,-1
2286,Morlon Wiley,2,-1,-1
2287,Micheal Williams,2,-1,-1
2288,David Wood,2,-1,-1
2289,Nick Anderson,2,-1,-1
2290,Michael Ansley,2,-1,-1
2291,B.J. Armstrong,2,-1,-1
2292,Dana Barros,2,-1,-1
2293,Kenny Battle,2,-1,-1
2294,Winston Bennett,2,-1,-1
2295,Mookie Blaylock,2,-1,-1
2296,Chucky Brown,2,-1,-1
2301,Adrian Caldwell,2,-1,-1
2303,Terry Davis,2,-1,-1
2305,Vlade Divac,2,-1,-1
2306,Sherman Douglas,2,-1,-1
2308,Blue Edwards,2,-1,-1
2310,Sean Elliott,2,-1,-1
2311,Pervis Ellison,2,-1,-1
2312,Derrick Gervin,2,-1,-1
2313,Greg Grant,2,-1,-1
2315,Tom Hammonds,2,-1,-1
2316,Tim Hardaway,2,-1,-1
2320,Jaren Jackson,2,-1,-1
2323,Shawn Kemp,2,-1,-1
2325,Stacey King,2,-1,-1
2328,Tim Legler,2,-1,-1
2331,Todd Lichti,2,-1,-1
2333,Sarunas Marciulionis*,2,-1,-1
2334,Jeff Martin,2,-1,-1
2335,Anthony Mason,2,-1,-1
2336,Bob McCann,2,-1,-1
2338,George McCloud,2,-1,-1
2341,Sam Mitchell,2,-1,-1
2343,John Morton,2,-1,-1
2346,Kenny Payne,2,-1,-1
2347,Drazen Petrovic*,2,-1,-1
2348,Brian Quinnett,2,-1,-1
2349,J.R. Reid,2,-1,-1
2350,Glen Rice,2,-1,-1
2351,Pooh Richardson,2,-1,-1
2352,Clifford Robinson,2,-1,-1
2353,David Robinson*,2,-1,-1
2355,Donald Royal,2,-1,-1
2356,Delaney Rudd,2,-1,-1
2359,Michael Smith,2,-1,-1
2364,Alexander Volkov,2,-1,-1
2365,Doug West,2,-1,-1
2366,Randy White,2,-1,-1
2368,Haywoode Workman,2,-1,-1
2369,Alaa Abdelnaby,2,-1,-1
2370,Mahmoud Abdul-Rauf,2,-1,-1
2371,Keith Askins,2,-1,-1
2374,Lance Blanks,2,-1,-1
2375,Anthony Bonner,2,-1,-1
2376,Dee Brown,2,-1,-1
2377,Jud Buechler,2,-1,-1
2378,Matt Bullard,2,-1,-1
2379,Willie Burton,2,-1,-1
2381,Elden Campbell,2,-1,-1
2382,Duane Causwell,2,-1,-1
2383,Cedric Ceballos,2,-1,-1
2385,Derrick Coleman,2,-1,-1
2386,Bimbo Coles,2,-1,-1
2387,Anthony Cook,2,-1,-1
2389,Mario Elie,2,-1,-1
2390,A.J. English,2,-1,-1
2391,Danny Ferry,2,-1,-1
2392,Greg Foster,2,-1,-1
2393,Tate George,2,-1,-1
2394,Kendall Gill,2,-1,-1
2395,Gerald Glass,2,-1,-1
2399,Steve Henson,2,-1,-1
2400,Sean Higgins,2,-1,-1
2401,Tyrone Hill,2,-1,-1
2403,Henry James,2,-1,-1
2405,Alec Kessler,2,-1,-1
2406,Bo Kimble,2,-1,-1
2407,Negele Knight,2,-1,-1
2409,Marcus Liberty,2,-1,-1
2411,Tony Massenburg,2,-1,-1
2412,Travis Mays,2,-1,-1
2413,Terry Mills,2,-1,-1
2415,Jerrod Mustaf,2,-1,-1
2418,Brian Oliver,2,-1,-1
2419,Gerald Paddio,2,-1,-1
2421,Gary Payton*,2,-1,-1
2422,Kevin Pritchard,2,-1,-1
2423,Larry Robinson,2,-1,-1
2424,Rumeal Robinson,2,-1,-1
2426,Dwayne Schintzius,2,-1,-1
2427,Dennis Scott,2,-1,-1
2428,Lionel Simmons,2,-1,-1
2429,Tony Smith,2,-1,-1
2430,Felton Spencer,2,-1,-1
2433,Loy Vaught,2,-1,-1
2434,Stojko Vrankovic,2,-1,-1
2435,Jayson Williams,2,-1,-1
2436,Kenny Williams,2,-1,-1
2437,Scott Williams,2,-1,-1
2438,Trevor Wilson,2,-1,-1
2439,Kennard Winchester,2,-1,-1
2442,Victor Alexander,2,-1,-1
2443,Kenny Anderson,2,-1,-1
2444,Greg Anthony,2,-1,-1
2445,Stacey Augmon,2,-1,-1
2446,Isaac Austin,2,-1,-1
2448,David Benoit,2,-1,-1
2449,Terrell Brandon,2,-1,-1
2450,Kevin Brooks,2,-1,-1
2452,Randy Brown,2,-1,-1
2454,Pete Chilcutt,2,-1,-1
2455,Marty Conlon,2,-1,-1
2457,Chris Corchiani,2,-1,-1
2459,Dale Davis,2,-1,-1
2460,Bison Dele,2,-1,-1
2463,Rick Fox,2,-1,-1
2464,Chris Gatling,2,-1,-1
2465,Paul Graham,2,-1,-1
2467,Carl Herrera,2,-1,-1
2468,Donald Hodge,2,-1,-1
2469,Brian Howard,2,-1,-1
2471,Mike Iuzzolino,2,-1,-1
2474,Luc Longley,2,-1,-1
2475,Kevin Lynch,2,-1,-1
2476,Mark Macon,2,-1,-1
2479,Tracy Moore,2,-1,-1
2480,Eric Murdock,2,-1,-1
2481,Dikembe Mutombo*,2,-1,-1
2483,Billy Owens,2,-1,-1
2485,Robert Pack,2,-1,-1
2486,Elliot Perry,2,-1,-1
2487,Bobby Phills,2,-1,-1
2489,Stanley Roberts,2,-1,-1
2490,Doug Smith,2,-1,-1
2491,LaBradford Smith,2,-1,-1
2492,Steve Smith,2,-1,-1
2493,Larry Stewart,2,-1,-1
2494,Derek Strong,2,-1,-1
2496,Greg Sutton,2,-1,-1
2503,Anthony Avent,2,-1,-1
2504,Jon Barry,2,-1,-1
2505,Tony Bennett,2,-1,-1
2508,Walter Bond,2,-1,-1
2510,Doug Christie,2,-1,-1
2513,John Crotty,2,-1,-1
2515,Lloyd Daniels,2,-1,-1
2516,Hubert Davis,2,-1,-1
2517,Todd Day,2,-1,-1
2518,Richard Dumas,2,-1,-1
2520,LaPhonso Ellis,2,-1,-1
2521,Matt Geiger,2,-1,-1
2522,Litterial Green,2,-1,-1
2523,Tom Gugliotta,2,-1,-1
2525,Robert Horry,2,-1,-1
2526,Byron Houston,2,-1,-1
2528,Jim Jackson,2,-1,-1
2529,Keith Jennings,2,-1,-1
2532,Adam Keefe,2,-1,-1
2533,Christian Laettner,2,-1,-1
2534,Sam Mack,2,-1,-1
2535,Don MacLean,2,-1,-1
2536,Marlon Maxey,2,-1,-1
2537,Lee Mayberry,2,-1,-1
2538,Oliver Miller,2,-1,-1
2539,Harold Miner,2,-1,-1
2541,Alonzo Mourning*,2,-1,-1
2542,Tracy Murray,2,-1,-1
2544,Shaquille O'Neal*,2,-1,-1
2546,Doug Overton,2,-1,-1
2547,Anthony Peeler,2,-1,-1
2548,Brent Price,2,-1,-1
2550,Sean Rooks,2,-1,-1
2551,Malik Sealy,2,-1,-1
2552,Chris Smith,2,-1,-1
2555,Elmore Spencer,2,-1,-1
2556,Latrell Sprewell,2,-1,-1
2558,Bryant Stith,2,-1,-1
2560,Clarence Weatherspoon,2,-1,-1
2564,Lorenzo Williams,2,-1,-1
2565,Walt Williams,2,-1,-1
2566,Randy Woods,2,-1,-1
2568,Vin Baker,2,-1,-1
2569,Corie Blount,2,-1,-1
2570,Shawn Bradley,2,-1,-1
2571,P.J. Brown,2,-1,-1
2573,Scott Burrell,2,-1,-1
2574,Mitchell Butler,2,-1,-1
2575,Sam Cassell,2,-1,-1
2576,Calbert Cheaney,2,-1,-1
2577,Michael Curry,2,-1,-1
2578,Antonio Davis,2,-1,-1
2580,Terry Dehere,2,-1,-1
2582,Acie Earl,2,-1,-1
2585,Harold Ellis,2,-1,-1
2590,Greg Graham,2,-1,-1
2594,Anfernee Hardaway,2,-1,-1
2595,Lucious Harris,2,-1,-1
2596,Antonio Harvey,2,-1,-1
2599,Allan Houston,2,-1,-1
2600,Lindsey Hunter,2,-1,-1
2601,Bobby Hurley,2,-1,-1
2604,Ervin Johnson,2,-1,-1
2605,Popeye Jones,2,-1,-1
2607,Reggie Jordan,2,-1,-1
2609,Chris King,2,-1,-1
2610,Toni Kukoc,2,-1,-1
2611,George Lynch,2,-1,-1
2615,Jamal Mashburn,2,-1,-1
2617,Chris Mills,2,-1,-1
2619,Gheorghe Muresan,2,-1,-1
2620,Bo Outlaw,2,-1,-1
2623,Dino Radja,2,-1,-1
2624,Isaiah Rider,2,-1,-1
2625,Eric Riley,2,-1,-1
2626,James Robinson,2,-1,-1
2627,Rodney Rogers,2,-1,-1
2628,Bryon Russell,2,-1,-1
2631,Nick Van,2,-1,-1
2632,Rex Walters,2,-1,-1
2633,Chris Webber,2,-1,-1
2635,David Wesley,2,-1,-1
2636,Chris Whitney,2,-1,-1
2637,Aaron Williams,2,-1,-1
2639,Derrick Alston,2,-1,-1
2640,Darrell Armstrong,2,-1,-1
2645,Chris Childs,2,-1,-1
2646,Bill Curley,2,-1,-1
2647,Yinka Dare,2,-1,-1
2648,Tony Dumas,2,-1,-1
2649,Howard Eisley,2,-1,-1
2651,Brian Grant,2,-1,-1
2652,Darrin Hancock,2,-1,-1
2654,Grant Hill,2,-1,-1
2656,Juwan Howard,2,-1,-1
2658,Eddie Jones,2,-1,-1
2659,Jason Kidd,2,-1,-1
2660,Antonio Lang,2,-1,-1
2662,Donyell Marshall,2,-1,-1
2663,Darrick Martin,2,-1,-1
2664,Jim McIlvaine,2,-1,-1
2665,Aaron McKie,2,-1,-1
2666,Anthony Miller,2,-1,-1
2667,Greg Minor,2,-1,-1
2668,Eric Mobley,2,-1,-1
2669,Eric Montross,2,-1,-1
2671,Lamond Murray,2,-1,-1
2672,Ivano Newbill,2,-1,-1
2674,Wesley Person,2,-1,-1
2676,Eric Piatkowski,2,-1,-1
2677,Eldridge Recasner,2,-1,-1
2678,Khalid Reeves,2,-1,-1
2679,Glenn Robinson,2,-1,-1
2680,Carlos Rogers,2,-1,-1
2681,Jalen Rose,2,-1,-1
2682,Clifford Rozier,2,-1,-1
2683,Trevor Ruffin,2,-1,-1
2684,Dickey Simpkins,2,-1,-1
2685,Reggie Slater,2,-1,-1
2686,Mark Strickland,2,-1,-1
2688,Zan Tabak,2,-1,-1
2689,Brooks Thompson,2,-1,-1
2693,Charlie Ward,2,-1,-1
2694,Jamie Watson,2,-1,-1
2695,Monty Williams,2,-1,-1
2696,Dontonio Wingfield,2,-1,-1
2697,Sharone Wright,2,-1,-1
2698,Cory Alexander,2,-1,-1
2699,Jerome Allen,2,-1,-1
2700,John Amaechi,2,-1,-1
2701,Ashraf Amaya,2,-1,-1
2702,Brent Barry,2,-1,-1
2705,Travis Best,2,-1,-1
2710,Jason Caffey,2,-1,-1
2711,Chris Carr,2,-1,-1
2717,Sasha Danilovic,2,-1,-1
2718,Andrew DeClercq,2,-1,-1
2719,Tyus Edney,2,-1,-1
2721,Michael Finley,2,-1,-1
2723,Kevin Garnett,2,-1,-1
2724,Anthony Goldwire,2,-1,-1
2727,Alan Henderson,2,-1,-1
2728,Fred Hoiberg,2,-1,-1
2732,Voshon Lenard,2,-1,-1
2739,Antonio McDyess,2,-1,-1
2740,Loren Meyer,2,-1,-1
2741,Lawrence Moten,2,-1,-1
2744,Ed O'Bannon,2,-1,-1
2745,Greg Ostertag,2,-1,-1
2746,Cherokee Parks,2,-1,-1
2747,Theo Ratliff,2,-1,-1
2748,Bryant Reeves,2,-1,-1
2749,Don Reid,2,-1,-1
2751,Shawn Respert,2,-1,-1
2754,Arvydas Sabonis*,2,-1,-1
2755,Joe Smith,2,-1,-1
2756,Eric Snow,2,-1,-1
2757,Jerry Stackhouse,2,-1,-1
2758,Damon Stoudamire,2,-1,-1
2759,Bob Sura,2,-1,-1
2761,Kurt Thomas,2,-1,-1
2762,Gary Trent,2,-1,-1
2764,David Vaughn,2,-1,-1
2765,Rasheed Wallace,2,-1,-1
2768,Eric Williams,2,-1,-1
2769,Corliss Williamson,2,-1,-1
2770,George Zidek,2,-1,-1
2771,Shareef Abdur-Rahim,2,-1,-1
2772,Ray Allen,2,-1,-1
2773,Shandon Anderson,2,-1,-1
2775,Bruce Bowen,2,-1,-1
2778,Kobe Bryant,2,-1,-1
2779,Marcus Camby,2,-1,-1
2781,Erick Dampier,2,-1,-1
2783,Emanual Davis,2,-1,-1
2784,Tony Delk,2,-1,-1
2787,Brian Evans,2,-1,-1
2788,Jamie Feick,2,-1,-1
2789,Derek Fisher,2,-1,-1
2790,Todd Fuller,2,-1,-1
2791,Dean Garrett,2,-1,-1
2795,Darvin Ham,2,-1,-1
2797,Othella Harrington,2,-1,-1
2800,Mark Hendrickson,2,-1,-1
2801,Allen Iverson*,2,-1,-1
2802,Kerry Kittles,2,-1,-1
2803,Travis Knight,2,-1,-1
2805,Randy Livingston,2,-1,-1
2807,Matt Maloney,2,-1,-1
2808,Stephon Marbury,2,-1,-1
2809,Walter McCarty,2,-1,-1
2811,Jeff McInnis,2,-1,-1
2813,Steve Nash,2,-1,-1
2816,Moochie Norris,2,-1,-1
2817,Jermaine O'Neal,2,-1,-1
2819,Vitaly Potapenko,2,-1,-1
2820,Chris Robinson,2,-1,-1
2821,Roy Rogers,2,-1,-1
2822,Malik Rose,2,-1,-1
2831,Erick Strickland,2,-1,-1
2833,Antoine Walker,2,-1,-1
2834,Samaki Walker,2,-1,-1
2835,Ben Wallace,2,-1,-1
2836,John Wallace,2,-1,-1
2838,Jerome Williams,2,-1,-1
2839,Lorenzen Wright,2,-1,-1
2840,Tariq Abdul-Wahad,2,-1,-1
2841,Derek Anderson,2,-1,-1
2842,Chris Anstey,2,-1,-1
2844,Tony Battie,2,-1,-1
2845,Chauncey Billups,2,-1,-1
2848,Rick Brunson,2,-1,-1
2849,Kelvin Cato,2,-1,-1
2850,Keith Closs,2,-1,-1
2853,Chris Crawford,2,-1,-1
2854,Austin Croshere,2,-1,-1
2856,Antonio Daniels,2,-1,-1
2857,Tim Duncan,2,-1,-1
2858,Tony Farmer,2,-1,-1
2859,Danny Fortson,2,-1,-1
2860,Adonal Foyle,2,-1,-1
2861,Lawrence Funderburke,2,-1,-1
2868,Troy Hudson,2,-1,-1
2869,Zydrunas Ilgauskas,2,-1,-1
2870,Bobby Jackson,2,-1,-1
2871,Anthony Johnson,2,-1,-1
2873,Brevin Knight,2,-1,-1
2874,Rusty LaRue,2,-1,-1
2877,Tracy McGrady,2,-1,-1
2878,Ron Mercer,2,-1,-1
2882,Kevin Ollie,2,-1,-1
2883,Anthony Parker,2,-1,-1
2884,Scot Pollard,2,-1,-1
2885,Mark Pope,2,-1,-1
2886,Rodrick Rhodes,2,-1,-1
2890,Michael Stewart,2,-1,-1
2893,Maurice Taylor,2,-1,-1
2894,John Thomas,2,-1,-1
2895,Tim Thomas,2,-1,-1
2896,Keith Van,2,-1,-1
2897,Jacque Vaughn,2,-1,-1
2898,Eric Washington,2,-1,-1
2901,Alvin Williams,2,-1,-1
2907,Corey Benjamin,2,-1,-1
2908,Mike Bibby,2,-1,-1
2909,Earl Boykins,2,-1,-1
2912,Vince Carter,2,-1,-1
2913,Keon Clark,2,-1,-1
2914,Kornel David,2,-1,-1
2915,Ricky Davis,2,-1,-1
2916,Michael Dickerson,2,-1,-1
2917,Michael Doleac,2,-1,-1
2918,Bryce Drew,2,-1,-1
2920,Pat Garrity,2,-1,-1
2922,Matt Harpring,2,-1,-1
2923,Al Harrington,2,-1,-1
2925,Larry Hughes,2,-1,-1
2928,Jerome James,2,-1,-1
2929,Antawn Jamison,2,-1,-1
2930,Damon Jones,2,-1,-1
2932,Gerard King,2,-1,-1
2933,Raef LaFrentz,2,-1,-1
2934,Rashard Lewis,2,-1,-1
2935,Felipe Lopez,2,-1,-1
2936,Tyronn Lue,2,-1,-1
2937,Sean Marks,2,-1,-1
2939,Jelani McCoy,2,-1,-1
2940,Roshown McLeod,2,-1,-1
2941,Brad Miller,2,-1,-1
2942,Cuttino Mobley,2,-1,-1
2943,Nazr Mohammed,2,-1,-1
2944,Mikki Moore,2,-1,-1
2946,Tyrone Nesby,2,-1,-1
2947,Rasho Nesterovic,2,-1,-1
2948,Dirk Nowitzki,2,-1,-1
2949,Michael Olowokandi,2,-1,-1
2951,Ruben Patterson,2,-1,-1
2952,Paul Pierce,2,-1,-1
2957,Brian Skinner,2,-1,-1
2959,Vladimir Stepania,2,-1,-1
2960,Peja Stojakovic,2,-1,-1
2962,Robert Traylor,2,-1,-1
2963,Bonzi Wells,2,-1,-1
2965,Jahidi White,2,-1,-1
2966,Jason Williams,2,-1,-1
2967,Shammond Williams,2,-1,-1
2970,Rafer Alston,2,-1,-1
2971,Chucky Atkins,2,-1,-1
2972,William Avery,2,-1,-1
2973,Jonathan Bender,2,-1,-1
2974,Calvin Booth,2,-1,-1
2976,Cal Bowdler,2,-1,-1
2977,Ryan Bowen,2,-1,-1
2980,Elton Brand,2,-1,-1
2981,Greg Buckner,2,-1,-1
2982,Rodney Buford,2,-1,-1
2983,Anthony Carter,2,-1,-1
2985,Vonteego Cummings,2,-1,-1
2986,Baron Davis,2,-1,-1
2988,Obinna Ekezie,2,-1,-1
2989,Evan Eschmeyer,2,-1,-1
2990,Jeff Foster,2,-1,-1
2991,Steve Francis,2,-1,-1
2992,Devean George,2,-1,-1
2993,Dion Glover,2,-1,-1
2994,Adrian Griffin,2,-1,-1
2995,Richard Hamilton,2,-1,-1
2996,Chris Herren,2,-1,-1
2999,Jermaine Jackson,2,-1,-1
3003,Jumaine Jones,2,-1,-1
3005,Trajan Langdon,2,-1,-1
3006,Quincy Lewis,2,-1,-1
3007,Todd MacCulloch,2,-1,-1
3008,Corey Maggette,2,-1,-1
3009,Shawn Marion,2,-1,-1
3010,Andre Miller,2,-1,-1
3012,Lamar Odom,2,-1,-1
3013,Scott Padgett,2,-1,-1
3014,Milt Palacio,2,-1,-1
3015,James Posey,2,-1,-1
3016,Laron Profit,2,-1,-1
3019,Eddie Robinson,2,-1,-1
3020,Michael Ruffin,2,-1,-1
3021,Wally Szczerbiak,2,-1,-1
3022,Jason Terry,2,-1,-1
3024,Kenny Thomas,2,-1,-1
3028,Metta World,2,-1,-1
3030,Courtney Alexander,2,-1,-1
3033,Raja Bell,2,-1,-1
3034,Mark Blount,2,-1,-1
3035,Brian Cardinal,2,-1,-1
3036,Mateen Cleaves,2,-1,-1
3037,Jason Collier,2,-1,-1
3039,Jamal Crawford,2,-1,-1
3040,Keyon Dooling,2,-1,-1
3042,Marcus Fizer,2,-1,-1
3044,Eddie Gill,2,-1,-1
3046,A.J. Guyton,2,-1,-1
3047,Zendon Hamilton,2,-1,-1
3048,Jason Hart,2,-1,-1
3049,Donnell Harvey,2,-1,-1
3050,Eddie House,2,-1,-1
3051,Marc Jackson,2,-1,-1
3052,Stephen Jackson,2,-1,-1
3053,DerMarr Johnson,2,-1,-1
3055,Dan Langhi,2,-1,-1
3056,Art Long,2,-1,-1
3057,Mark Madsen,2,-1,-1
3058,Jamaal Magloire,2,-1,-1
3059,Kenyon Martin,2,-1,-1
3060,Desmond Mason,2,-1,-1
3063,Stanislav Medvedenko,2,-1,-1
3064,Chris Mihm,2,-1,-1
3065,Darius Miles,2,-1,-1
3066,Mike Miller,2,-1,-1
3067,Jerome Moiso,2,-1,-1
3068,Hanno Mottola,2,-1,-1
3070,Lee Nailon,2,-1,-1
3071,Eduardo Najera,2,-1,-1
3072,Ira Newble,2,-1,-1
3076,Morris Peterson,2,-1,-1
3077,Chris Porter,2,-1,-1
3079,Joel Przybilla,2,-1,-1
3080,Michael Redd,2,-1,-1
3081,Quentin Richardson,2,-1,-1
3086,Daniel Santiago,2,-1,-1
3087,Jabari Smith,2,-1,-1
3089,DeShawn Stevenson,2,-1,-1
3090,Stromile Swift,2,-1,-1
3092,Jake Tsakalidis,2,-1,-1
3093,Hedo Turkoglu,2,-1,-1
3095,Jake Voskuhl,2,-1,-1
3097,Wang Zhizhi,2,-1,-1
3098,Malik Allen,2,-1,-1
3099,Chris Andersen,2,-1,-1
3100,Gilbert Arenas,2,-1,-1
3102,Carlos Arroyo,2,-1,-1
3104,Shane Battier,2,-1,-1
3105,Charlie Bell,2,-1,-1
3107,Michael Bradley,2,-1,-1
3109,Primoz Brezec,2,-1,-1
3112,Kedrick Brown,2,-1,-1
3113,Kwame Brown,2,-1,-1
3114,Tierre Brown,2,-1,-1
3115,Tyson Chandler,2,-1,-1
3116,Speedy Claxton,2,-1,-1
3117,Jarron Collins,2,-1,-1
3118,Jason Collins,2,-1,-1
3120,Eddy Curry,2,-1,-1
3121,Samuel Dalembert,2,-1,-1
3122,DeSagana Diop,2,-1,-1
3123,Predrag Drobnjak,2,-1,-1
3124,Maurice Evans,2,-1,-1
3129,Tremaine Fowlkes,2,-1,-1
3130,Pau Gasol,2,-1,-1
3131,Eddie Griffin,2,-1,-1
3133,Trenton Hassell,2,-1,-1
3135,Brendan Haywood,2,-1,-1
3136,Steven Hunter,2,-1,-1
3137,Mike James,2,-1,-1
3138,Richard Jefferson,2,-1,-1
3139,Joe Johnson,2,-1,-1
3141,Andrei Kirilenko,2,-1,-1
3142,Terence Morris,2,-1,-1
3143,Troy Murphy,2,-1,-1
3145,Tony Parker,2,-1,-1
3146,Vladimir Radmanovic,2,-1,-1
3147,Zach Randolph,2,-1,-1
3148,Zeljko Rebraca,2,-1,-1
3149,Jason Richardson,2,-1,-1
3151,Jeryl Sasser,2,-1,-1
3152,Kenny Satterfield,2,-1,-1
3153,Brian Scalabrine,2,-1,-1
3154,Ansu Sesay,2,-1,-1
3155,Bobby Simmons,2,-1,-1
3157,Will Solomon,2,-1,-1
3158,Etan Thomas,2,-1,-1
3159,Jamaal Tinsley,2,-1,-1
3160,Oscar Torres,2,-1,-1
3163,Gerald Wallace,2,-1,-1
3164,Earl Watson,2,-1,-1
3165,Rodney White,2,-1,-1
3166,Loren Woods,2,-1,-1
3169,Mike Batiste,2,-1,-1
3170,Lonny Baxter,2,-1,-1
3171,Carlos Boozer,2,-1,-1
3172,J.R. Bremer,2,-1,-1
3173,Devin Brown,2,-1,-1
3174,Pat Burke,2,-1,-1
3175,Caron Butler,2,-1,-1
3176,Rasual Butler,2,-1,-1
3177,Dan Dickau,2,-1,-1
3178,Juan Dixon,2,-1,-1
3179,Melvin Ely,2,-1,-1
3180,Reggie Evans,2,-1,-1
3181,Dan Gadzuric,2,-1,-1
3182,Manu Ginobili,2,-1,-1
3183,Gordan Giricek,2,-1,-1
3184,Drew Gooden,2,-1,-1
3187,Junior Harrington,2,-1,-1
3189,Nene Hilario,2,-1,-1
3192,Casey Jacobsen,2,-1,-1
3193,Marko Jaric,2,-1,-1
3195,Jared Jeffries,2,-1,-1
3196,Fred Jones,2,-1,-1
3199,Roger Mason,2,-1,-1
3200,Yao Ming*,2,-1,-1
3201,Ronald Murray,2,-1,-1
3202,Bostjan Nachbar,2,-1,-1
3203,Mehmet Okur,2,-1,-1
3205,Jannero Pargo,2,-1,-1
3206,Smush Parker,2,-1,-1
3207,Tayshaun Prince,2,-1,-1
3212,Kareem Rush,2,-1,-1
3213,John Salmons,2,-1,-1
3218,Amar'e Stoudemire,2,-1,-1
3220,Nikoloz Tskitishvili,2,-1,-1
3221,Dajuan Wagner,2,-1,-1
3222,Jiri Welsch,2,-1,-1
3223,Chris Wilcox,2,-1,-1
3224,Mike Wilks,2,-1,-1
3226,Jay Williams,2,-1,-1
3227,Qyntel Woods,2,-1,-1
3228,Vincent Yarbrough,2,-1,-1
3229,Carmelo Anthony,2,-1,-1
3230,Marcus Banks,2,-1,-1
3231,Leandro Barbosa,2,-1,-1
3232,Matt Barnes,2,-1,-1
3235,Steve Blake,2,-1,-1
3236,Keith Bogans,2,-1,-1
3237,Curtis Borchardt,2,-1,-1
3238,Chris Bosh,2,-1,-1
3240,Zarko Cabarkapa,2,-1,-1
3241,Matt Carroll,2,-1,-1
3243,Brian Cook,2,-1,-1
3245,Marquis Daniels,2,-1,-1
3247,Boris Diaw,2,-1,-1
3249,Ronald Dupree,2,-1,-1
3251,Francisco Elson,2,-1,-1
3253,T.J. Ford,2,-1,-1
3254,Richie Frahm,2,-1,-1
3258,Willie Green,2,-1,-1
3261,Udonis Haslem,2,-1,-1
3262,Jarvis Hayes,2,-1,-1
3263,Kirk Hinrich,2,-1,-1
3264,Josh Howard,2,-1,-1
3266,LeBron James,2,-1,-1
3268,Linton Johnson,2,-1,-1
3269,Dahntay Jones,2,-1,-1
3270,James Jones,2,-1,-1
3271,Chris Kaman,2,-1,-1
3272,Jason Kapono,2,-1,-1
3273,Kyle Korver,2,-1,-1
3275,Raul Lopez,2,-1,-1
3276,Keith McLeod,2,-1,-1
3277,Darko Milicic,2,-1,-1
3278,Travis Outlaw,2,-1,-1
3279,Zaza Pachulia,2,-1,-1
3280,Sasha Pavlovic,2,-1,-1
3283,Kendrick Perkins,2,-1,-1
3284,Mickael Pietrus,2,-1,-1
3285,Zoran Planinic,2,-1,-1
3286,Luke Ridnour,2,-1,-1
3288,Darius Songaila,2,-1,-1
3289,Mike Sweetney,2,-1,-1
3290,Ime Udoka,2,-1,-1
3292,Dwyane Wade,2,-1,-1
3293,Luke Walton,2,-1,-1
3294,David West,2,-1,-1
3295,Mo Williams,2,-1,-1
3296,Tony Allen,2,-1,-1
3297,Rafael Araujo,2,-1,-1
3298,Trevor Ariza,2,-1,-1
3301,Andris Biedrins,2,-1,-1
3303,Matt Bonner,2,-1,-1
3308,Josh Childress,2,-1,-1
3309,Nick Collison,2,-1,-1
3311,Carlos Delfino,2,-1,-1
3312,Luol Deng,2,-1,-1
3313,Chris Duhon,2,-1,-1
3319,Ben Gordon,2,-1,-1
3320,Devin Harris,2,-1,-1
3321,David Harrison,2,-1,-1
3322,Dwight Howard,2,-1,-1
3323,Kris Humphries,2,-1,-1
3324,Andre Iguodala,2,-1,-1
3325,Didier Ilunga-Mbenga,2,-1,-1
3326,Royal Ivey,2,-1,-1
3328,Al Jefferson,2,-1,-1
3331,Viktor Khryapa,2,-1,-1
3333,Nenad Krstic,2,-1,-1
3335,Shaun Livingston,2,-1,-1
3336,Kevin Martin,2,-1,-1
3337,Jameer Nelson,2,-1,-1
3338,Andres Nocioni,2,-1,-1
3339,Emeka Okafor,2,-1,-1
3342,Justin Reed,2,-1,-1
3344,Bernard Robinson,2,-1,-1
3345,Quinton Ross,2,-1,-1
3348,J.R. Smith,2,-1,-1
3349,Josh Smith,2,-1,-1
3350,Kirk Snyder,2,-1,-1
3353,Robert Swift,2,-1,-1
3355,Sebastian Telfair,2,-1,-1
3358,Beno Udrih,2,-1,-1
3359,Anderson Varejao,2,-1,-1
3360,Jackson Vroman,2,-1,-1
3361,Sasha Vujacic,2,-1,-1
3362,Delonte West,2,-1,-1
3363,Damien Wilkins,2,-1,-1
3364,Dorell Wright,2,-1,-1
3366,Alan Anderson,2,-1,-1
3368,Earl Barron,2,-1,-1
3370,Brandon Bass,2,-1,-1
3372,Andray Blatche,2,-1,-1
3373,Andrew Bogut,2,-1,-1
3375,Andrew Bynum,2,-1,-1
3376,Will Bynum,2,-1,-1
3377,Jose Calderon,2,-1,-1
3378,Travis Diener,2,-1,-1
3379,Ike Diogu,2,-1,-1
3380,Monta Ellis,2,-1,-1
3381,Daniel Ewing,2,-1,-1
3383,Raymond Felton,2,-1,-1
3386,Channing Frye,2,-1,-1
3388,Francisco Garcia,2,-1,-1
3389,Ryan Gomes,2,-1,-1
3390,Joey Graham,2,-1,-1
3391,Stephen Graham,2,-1,-1
3392,Danny Granger,2,-1,-1
3394,Gerald Green,2,-1,-1
3395,Orien Greene,2,-1,-1
3397,Chuck Hayes,2,-1,-1
3398,Luther Head,2,-1,-1
3401,Jarrett Jack,2,-1,-1
3402,Sarunas Jasikevicius,2,-1,-1
3403,Amir Johnson,2,-1,-1
3405,Linas Kleiza,2,-1,-1
3407,David Lee,2,-1,-1
3410,Jason Maxiell,2,-1,-1
3411,Sean May,2,-1,-1
3412,Rashad McCants,2,-1,-1
3414,C.J. Miles,2,-1,-1
3417,Fabricio Oberto,2,-1,-1
3419,Chris Paul,2,-1,-1
3420,Johan Petro,2,-1,-1
3421,Josh Powell,2,-1,-1
3422,Ronnie Price,2,-1,-1
3423,Shavlik Randolph,2,-1,-1
3425,Lawrence Roberts,2,-1,-1
3426,Nate Robinson,2,-1,-1
3431,James Singleton,2,-1,-1
3432,Salim Stoudamire,2,-1,-1
3436,Ronny Turiaf,2,-1,-1
3437,Charlie Villanueva,2,-1,-1
3438,Von Wafer,2,-1,-1
3440,Hakim Warrick,2,-1,-1
3441,Martell Webster,2,-1,-1
3443,Deron Williams,2,-1,-1
3444,Lou Williams,2,-1,-1
3445,Marvin Williams,2,-1,-1
3446,Antoine Wright,2,-1,-1
3451,LaMarcus Aldridge,2,-1,-1
3452,Lou Amundson,2,-1,-1
3453,Hilton Armstrong,2,-1,-1
3455,Kelenna Azubuike,2,-1,-1
3456,Renaldo Balkman,2,-1,-1
3457,J.J. Barea,2,-1,-1
3458,Andrea Bargnani,2,-1,-1
3460,Josh Boone,2,-1,-1
3462,Ronnie Brewer,2,-1,-1
3464,Shannon Brown,2,-1,-1
3465,Rodney Carney,2,-1,-1
3466,Mardy Collins,2,-1,-1
3469,Yakhouba Diawara,2,-1,-1
3470,Quincy Douby,2,-1,-1
3471,Jordan Farmar,2,-1,-1
3473,Randy Foye,2,-1,-1
3474,Jorge Garbajosa,2,-1,-1
3475,Rudy Gay,2,-1,-1
3476,Mickael Gelabale,2,-1,-1
3477,Daniel Gibson,2,-1,-1
3481,Walter Herrmann,2,-1,-1
3483,Ryan Hollins,2,-1,-1
3485,Ersan Ilyasova,2,-1,-1
3486,Alexander Johnson,2,-1,-1
3487,Solomon Jones,2,-1,-1
3488,Tarence Kinsey,2,-1,-1
3490,Kyle Lowry,2,-1,-1
3496,Paul Millsap,2,-1,-1
3498,Adam Morrison,2,-1,-1
3500,Steve Novak,2,-1,-1
3503,Leon Powe,2,-1,-1
3505,Chris Quinn,2,-1,-1
3507,J.J. Redick,2,-1,-1
3509,Sergio Rodriguez,2,-1,-1
3510,Rajon Rondo,2,-1,-1
3511,Brandon Roy,2,-1,-1
3512,Thabo Sefolosha,2,-1,-1
3516,Craig Smith,2,-1,-1
3519,Tyrus Thomas,2,-1,-1
3520,P.J. Tucker,2,-1,-1
3524,Marcus Williams,2,-1,-1
3525,Shawne Williams,2,-1,-1
3526,Shelden Williams,2,-1,-1
3527,Arron Afflalo,2,-1,-1
3531,Joel Anthony,2,-1,-1
3532,Marco Belinelli,2,-1,-1
3533,Corey Brewer,2,-1,-1
3534,Aaron Brooks,2,-1,-1
3535,Wilson Chandler,2,-1,-1
3536,Mike Conley,2,-1,-1
3537,Daequan Cook,2,-1,-1
3538,Javaris Crittenton,2,-1,-1
3540,Glen Davis,2,-1,-1
3542,Jared Dudley,2,-1,-1
3543,Kevin Durant,2,-1,-1
3545,Kyrylo Fesenko,2,-1,-1
3547,Marcin Gortat,2,-1,-1
3548,Aaron Gray,2,-1,-1
3549,Jeff Green,2,-1,-1
3552,Spencer Hawes,2,-1,-1
3553,Al Horford,2,-1,-1
3554,Yi Jianlian,2,-1,-1
3556,Carl Landry,2,-1,-1
3559,Acie Law,2,-1,-1
3560,Ian Mahinmi,2,-1,-1
3561,Dominic McGuire,2,-1,-1
3562,Josh McRoberts,2,-1,-1
3563,Jamario Moon,2,-1,-1
3564,Juan Carlos,2,-1,-1
3566,Joakim Noah,2,-1,-1
3567,Oleksiy Pecherov,2,-1,-1
3573,Luis Scola,2,-1,-1
3574,Ramon Sessions,2,-1,-1
3576,Jason Smith,2,-1,-1
3578,Rodney Stuckey,2,-1,-1
3579,Al Thornton,2,-1,-1
3583,C.J. Watson,2,-1,-1
3585,Sean Williams,2,-1,-1
3586,Brandan Wright,2,-1,-1
3587,Julian Wright,2,-1,-1
3588,Nick Young,2,-1,-1
3589,Thaddeus Young,2,-1,-1
3590,Alexis Ajinca,2,-1,-1
3592,Ryan Anderson,2,-1,-1
3593,Darrell Arthur,2,-1,-1
3594,D.J. Augustin,2,-1,-1
3595,Nicolas Batum,2,-1,-1
3596,Jerryd Bayless,2,-1,-1
3597,Michael Beasley,2,-1,-1
3598,Bobby Brown,2,-1,-1
3599,Mario Chalmers,2,-1,-1
3601,Joey Dorsey,2,-1,-1
3602,Chris Douglas-Roberts,2,-1,-1
3603,Goran Dragic,2,-1,-1
3604,Rudy Fernandez,2,-1,-1
3605,Danilo Gallinari,2,-1,-1
3606,Marc Gasol,2,-1,-1
3608,Eric Gordon,2,-1,-1
3609,Donte Greene,2,-1,-1
3610,Hamed Haddadi,2,-1,-1
3612,Roy Hibbert,2,-1,-1
3613,J.J. Hickson,2,-1,-1
3614,George Hill,2,-1,-1
3617,Darnell Jackson,2,-1,-1
3621,DeAndre Jordan,2,-1,-1
3622,Kosta Koufos,2,-1,-1
3624,Courtney Lee,2,-1,-1
3625,Brook Lopez,2,-1,-1
3626,Robin Lopez,2,-1,-1
3627,Kevin Love,2,-1,-1
3628,Cartier Martin,2,-1,-1
3629,O.J. Mayo,2,-1,-1
3630,Luc Mbah,2,-1,-1
3631,JaVale McGee,2,-1,-1
3632,Anthony Morrow,2,-1,-1
3634,Greg Oden,2,-1,-1
3635,Anthony Randolph,2,-1,-1
3636,Derrick Rose,2,-1,-1
3637,Brandon Rush,2,-1,-1
3640,Marreese Speights,2,-1,-1
3642,Jason Thompson,2,-1,-1
3643,Anthony Tolliver,2,-1,-1
3645,Henry Walker,2,-1,-1
3646,Kyle Weaver,2,-1,-1
3647,Sonny Weems,2,-1,-1
3648,Russell Westbrook,2,-1,-1
3649,D.J. White,2,-1,-1
3650,Jawad Williams,2,-1,-1
3652,David Andersen,2,-1,-1
3654,Jeff Ayres,2,-1,-1
3655,Rodrigue Beaubois,2,-1,-1
3656,DeJuan Blair,2,-1,-1
3657,Jon Brockman,2,-1,-1
3658,Derrick Brown,2,-1,-1
3659,Chase Budinger,2,-1,-1
3660,DeMarre Carroll,2,-1,-1
3661,Omri Casspi,2,-1,-1
3662,Earl Clark,2,-1,-1
3663,Darren Collison,2,-1,-1
3664,Dante Cunningham,2,-1,-1
3666,Stephen Curry,2,-1,-1
3667,Austin Daye,2,-1,-1
3668,DeMar DeRozan,2,-1,-1
3669,Toney Douglas,2,-1,-1
3670,Wayne Ellington,2,-1,-1
3671,Tyreke Evans,2,-1,-1
3672,Jonny Flynn,2,-1,-1
3673,Sundiata Gaines,2,-1,-1
3674,Alonzo Gee,2,-1,-1
3675,Taj Gibson,2,-1,-1
3677,Danny Green,2,-1,-1
3679,Tyler Hansbrough,2,-1,-1
3680,James Harden,2,-1,-1
3681,Jordan Hill,2,-1,-1
3682,Jrue Holiday,2,-1,-1
3685,Serge Ibaka,2,-1,-1
3688,Brandon Jennings,2,-1,-1
3689,Jonas Jerebko,2,-1,-1
3690,James Johnson,2,-1,-1
3693,Ty Lawson,2,-1,-1
3694,Wesley Matthews,2,-1,-1
3695,Eric Maynor,2,-1,-1
3696,Jodie Meeks,2,-1,-1
3697,Patty Mills,2,-1,-1
3698,Byron Mullens,2,-1,-1
3699,A.J. Price,2,-1,-1
3702,Jeff Teague,2,-1,-1
3703,Garrett Temple,2,-1,-1
3704,Hasheem Thabeet,2,-1,-1
3705,Marcus Thornton,2,-1,-1
3706,Terrence Williams,2,-1,-1
3707,Sam Young,2,-1,-1
3708,Jeff Adrien,2,-1,-1
3710,Cole Aldrich,2,-1,-1
3711,Al-Farouq Aminu,2,-1,-1
3712,James Anderson,2,-1,-1
3713,Omer Asik,2,-1,-1
3714,Luke Babbitt,2,-1,-1
3715,Eric Bledsoe,2,-1,-1
3716,Trevor Booker,2,-1,-1
3718,Avery Bradley,2,-1,-1
3722,DeMarcus Cousins,2,-1,-1
3723,Jordan Crawford,2,-1,-1
3724,Ed Davis,2,-1,-1
3728,Jeremy Evans,2,-1,-1
3730,Christian Eyenga,2,-1,-1
3731,Derrick Favors,2,-1,-1
3732,Landry Fields,2,-1,-1
3733,Gary Forbes,2,-1,-1
3734,Paul George,2,-1,-1
3735,Blake Griffin,2,-1,-1
3737,Manny Harris,2,-1,-1
3738,Gordon Hayward,2,-1,-1
3740,Xavier Henry,2,-1,-1
3744,Chris Johnson,2,-1,-1
3745,Wesley Johnson,2,-1,-1
3748,Jeremy Lin,2,-1,-1
3749,Greg Monroe,2,-1,-1
3750,Timofey Mozgov,2,-1,-1
3752,Gary Neal,2,-1,-1
3754,Patrick Patterson,2,-1,-1
3755,Nikola Pekovic,2,-1,-1
3757,Quincy Pondexter,2,-1,-1
3759,Samardo Samuels,2,-1,-1
3760,Larry Sanders,2,-1,-1
3761,Kevin Seraphin,2,-1,-1
3764,Ish Smith,2,-1,-1
3765,Tiago Splitter,2,-1,-1
3766,Lance Stephenson,2,-1,-1
3768,Evan Turner,2,-1,-1
3769,Ekpe Udoh,2,-1,-1
3771,Greivis Vasquez,2,-1,-1
3772,John Wall,2,-1,-1
3774,Hassan Whiteside,2,-1,-1
3775,Lavoy Allen,2,-1,-1
3776,Gustavo Ayon,2,-1,-1
3778,Bismack Biyombo,2,-1,-1
3779,MarShon Brooks,2,-1,-1
3780,Alec Burks,2,-1,-1
3781,Jimmy Butler,2,-1,-1
3783,Norris Cole,2,-1,-1
3787,Kenneth Faried,2,-1,-1
3790,Jimmer Fredette,2,-1,-1
3793,Jordan Hamilton,2,-1,-1
3797,Tobias Harris,2,-1,-1
3802,Kyrie Irving,2,-1,-1
3803,Reggie Jackson,2,-1,-1
3804,Charles Jenkins,2,-1,-1
3806,Ivan Johnson,2,-1,-1
3809,Cory Joseph,2,-1,-1
3810,Enes Kanter,2,-1,-1
3812,Brandon Knight,2,-1,-1
3814,Kawhi Leonard,2,-1,-1
3816,Jon Leuer,2,-1,-1
3817,DeAndre Liggins,2,-1,-1
3818,Shelvin Mack,2,-1,-1
3820,E'Twaun Moore,2,-1,-1
3821,Darius Morris,2,-1,-1
3822,Marcus Morris,2,-1,-1
3823,Markieff Morris,2,-1,-1
3825,Jeremy Pargo,2,-1,-1
3826,Chandler Parsons,2,-1,-1
3828,Ricky Rubio,2,-1,-1
3830,Iman Shumpert,2,-1,-1
3832,Chris Singleton,2,-1,-1
3833,Donald Sloan,2,-1,-1
3836,Greg Stiemsma,2,-1,-1
3838,Isaiah Thomas,2,-1,-1
3839,Lance Thomas,2,-1,-1
3842,Klay Thompson,2,-1,-1
3844,Tristan Thompson,2,-1,-1
3845,Jeremy Tyler,2,-1,-1
3847,Jan Vesely,2,-1,-1
3848,Nikola Vucevic,2,-1,-1
3849,Kemba Walker,2,-1,-1
3850,Derrick Williams,2,-1,-1
3851,Elliot Williams,2,-1,-1
3854,Quincy Acy,2,-1,-1
3856,Harrison Barnes,2,-1,-1
3857,Will Barton,2,-1,-1
3858,Aron Baynes,2,-1,-1
3859,Kent Bazemore,2,-1,-1
3860,Bradley Beal,2,-1,-1
3861,Patrick Beverley,2,-1,-1
3862,Victor Claver,2,-1,-1
3863,Chris Copeland,2,-1,-1
3864,Jae Crowder,2,-1,-1
3866,Anthony Davis,2,-1,-1
3867,Nando De,2,-1,-1
3868,Andre Drummond,2,-1,-1
3870,Festus Ezeli,2,-1,-1
3871,Evan Fournier,2,-1,-1
3872,Joel Freeland,2,-1,-1
3873,Diante Garrett,2,-1,-1
3874,Draymond Green,2,-1,-1
3876,Maurice Harkless,2,-1,-1
3877,John Henson,2,-1,-1
3878,Justin Holiday,2,-1,-1
3880,John Jenkins,2,-1,-1
3881,Orlando Johnson,2,-1,-1
3885,Perry Jones,2,-1,-1
3886,Terrence Jones,2,-1,-1
3888,Michael Kidd-Gilchrist,2,-1,-1
3890,Doron Lamb,2,-1,-1
3891,Jeremy Lamb,2,-1,-1
3892,Meyers Leonard,2,-1,-1
3893,Damian Lillard,2,-1,-1
3895,Kendall Marshall,2,-1,-1
3897,Khris Middleton,2,-1,-1
3898,Darius Miller,2,-1,-1
3900,Donatas Motiejunas,2,-1,-1
3903,Andrew Nicholson,2,-1,-1
3904,Kyle O'Quinn,2,-1,-1
3906,Miles Plumlee,2,-1,-1
3907,Pablo Prigioni,2,-1,-1
3908,Austin Rivers,2,-1,-1
3909,Brian Roberts,2,-1,-1
3910,Thomas Robinson,2,-1,-1
3911,Terrence Ross,2,-1,-1
3912,Robert Sacre,2,-1,-1
3913,Mike Scott,2,-1,-1
3915,Alexey Shved,2,-1,-1
3916,Henry Sims,2,-1,-1
3917,Kyle Singler,2,-1,-1
3918,Jared Sullinger,2,-1,-1
3919,Jeffery Taylor,2,-1,-1
3922,Mirza Teletovic,2,-1,-1
3923,Jonas Valanciunas,2,-1,-1
3925,Dion Waiters,2,-1,-1
3927,Tony Wroten,2,-1,-1
3929,Tyler Zeller,2,-1,-1
3930,Steven Adams,2,-1,-1
3931,Giannis Antetokounmpo,2,-1,-1
3932,Pero Antic,2,-1,-1
3934,Anthony Bennett,2,-1,-1
3937,Reggie Bullock,2,-1,-1
3938,Trey Burke,2,-1,-1
3940,Nick Calathes,2,-1,-1
3941,Kentavious Caldwell-Pope,2,-1,-1
3942,Isaiah Canaan,2,-1,-1
3943,Michael Carter-Williams,2,-1,-1
3945,Ian Clark,2,-1,-1
3946,Robert Covington,2,-1,-1
3947,Allen Crabbe,2,-1,-1
3948,Seth Curry,2,-1,-1
3949,Troy Daniels,2,-1,-1
3952,Dewayne Dedmon,2,-1,-1
3953,Matthew Dellavedova,2,-1,-1
3954,Gorgui Dieng,2,-1,-1
3959,Rudy Gobert,2,-1,-1
3960,Archie Goodwin,2,-1,-1
3962,Justin Hamilton,2,-1,-1
3964,Solomon Hill,2,-1,-1
3966,Robbie Hummel,2,-1,-1
3967,Sergey Karasev,2,-1,-1
3968,Ryan Kelly,2,-1,-1
3970,Shane Larkin,2,-1,-1
3972,Alex Len,2,-1,-1
3973,Ray McCallum,2,-1,-1
3974,C.J. McCollum,2,-1,-1
3975,Ben McLemore,2,-1,-1
3978,Shabazz Muhammad,2,-1,-1
3981,Mike Muscala,2,-1,-1
3984,Victor Oladipo,2,-1,-1
3985,Kelly Olynyk,2,-1,-1
3987,Mason Plumlee,2,-1,-1
3988,Otto Porter,2,-1,-1
3989,Phil Pressey,2,-1,-1
3991,Andre Roberson,2,-1,-1
3992,Dennis Schroder,2,-1,-1
3994,Tony Snell,2,-1,-1
3998,Hollis Thompson,2,-1,-1
4001,Jeff Withey,2,-1,-1
4002,Nate Wolters,2,-1,-1
4003,Cody Zeller,2,-1,-1
4006,Kyle Anderson,2,-1,-1
4010,Tarik Black,2,-1,-1
4011,Bojan Bogdanovic,2,-1,-1
4013,Markel Brown,2,-1,-1
4015,Clint Capela,2,-1,-1
4018,Jordan Clarkson,2,-1,-1
4022,Spencer Dinwiddie,2,-1,-1
4025,James Ennis,2,-1,-1
4026,Tyler Ennis,2,-1,-1
4027,Dante Exum,2,-1,-1
4028,Tim Frazier,2,-1,-1
4029,Langston Galloway,2,-1,-1
4030,Aaron Gordon,2,-1,-1
4032,Jerami Grant,2,-1,-1
4034,JaMychal Green,2,-1,-1
4035,P.J. Hairston,2,-1,-1
4036,Gary Harris,2,-1,-1
4037,Joe Harris,2,-1,-1
4038,Rodney Hood,2,-1,-1
4039,Joe Ingles,2,-1,-1
4043,Tyler Johnson,2,-1,-1
4044,Sean Kilpatrick,2,-1,-1
4046,Joffrey Lauvergne,2,-1,-1
4047,Zach LaVine,2,-1,-1
4051,K.J. McDaniels,2,-1,-1
4052,Doug McDermott,2,-1,-1
4055,Elijah Millsap,2,-1,-1
4056,Nikola Mirotic,2,-1,-1
4058,Shabazz Napier,2,-1,-1
4059,Nerlens Noel,2,-1,-1
4060,Lucas Nogueira,2,-1,-1
4061,Jusuf Nurkic,2,-1,-1
4062,Johnny O'Bryant,2,-1,-1
4063,Kostas Papanikolaou,2,-1,-1
4064,Jabari Parker,2,-1,-1
4065,Adreian Payne,2,-1,-1
4066,Elfrid Payton,2,-1,-1
4067,Dwight Powell,2,-1,-1
4068,Julius Randle,2,-1,-1
4069,Damjan Rudez,2,-1,-1
4070,JaKarr Sampson,2,-1,-1
4071,Marcus Smart,2,-1,-1
4073,Nik Stauskas,2,-1,-1
4076,Noah Vonleh,2,-1,-1
4077,T.J. Warren,2,-1,-1
4081,Andrew Wiggins,2,-1,-1
4085,Justin Anderson,2,-1,-1
4088,Nemanja Bjelica,2,-1,-1
4089,Devin Booker,2,-1,-1
4091,Willie Cauley-Stein,2,-1,-1
4097,Sam Dekker,2,-1,-1
4100,Cristiano Felicio,2,-1,-1
4101,Jerian Grant,2,-1,-1
4102,Montrezl Harrell,2,-1,-1
4104,Mario Hezonja,2,-1,-1
4106,Rondae Hollis-Jefferson,2,-1,-1
4107,Richaun Holmes,2,-1,-1
4108,Marcelo Huertas,2,-1,-1
4112,Stanley Johnson,2,-1,-1
4113,Nikola Jokic,2,-1,-1
4114,Tyus Jones,2,-1,-1
4115,Frank Kaminsky,2,-1,-1
4118,Trey Lyles,2,-1,-1
4121,T.J. McConnell,2,-1,-1
4124,Salah Mejri,2,-1,-1
4127,Emmanuel Mudiay,2,-1,-1
4129,Raul Neto,2,-1,-1
4131,Jahlil Okafor,2,-1,-1
4132,Kelly Oubre,2,-1,-1
4134,Cameron Payne,2,-1,-1
4136,Bobby Portis,2,-1,-1
4137,Kristaps Porzingis,2,-1,-1
4138,Norman Powell,2,-1,-1
4139,Willie Reed,2,-1,-1
4140,Josh Richardson,2,-1,-1
4141,Terry Rozier,2,-1,-1
4142,D'Angelo Russell,2,-1,-1
4143,Jonathon Simmons,2,-1,-1
4147,Karl-Anthony Towns,2,-1,-1
4148,Myles Turner,2,-1,-1
4149,Rashad Vaughn,2,-1,-1
4152,Justise Winslow,2,-1,-1
4156,Alex Abrines,2,-1,-1
4165,Malcolm Brogdon,2,-1,-1
4166,Jaylen Brown,2,-1,-1
4168,Marquese Chriss,2,-1,-1
4172,Malcolm Delaney,2,-1,-1
4174,Kris Dunn,2,-1,-1
4178,Yogi Ferrell,2,-1,-1
4179,Dorian Finney-Smith,2,-1,-1
4187,Andrew Harrison,2,-1,-1
4189,Willy Hernangomez,2,-1,-1
4190,Buddy Hield,2,-1,-1
4192,Brandon Ingram,2,-1,-1
4198,Mindaugas Kuzminskas,2,-1,-1
4202,Caris LeVert,2,-1,-1
4204,Timothe Luwawu-Cabarrot,2,-1,-1
4206,Patrick McCaw,2,-1,-1
4208,Rodney McGruder,2,-1,-1
4210,Jamal Murray,2,-1,-1
4224,Domantas Sabonis,2,-1,-1
4225,Dario Saric,2,-1,-1
4233,Tyler Ulis,2,-1,-1
4239,Isaiah Whitehead,2,-1,-1
